n,avg_priority_ratio,avg_min_cost_flow_ratio
403,22.8667,30.7885
78,43.0615,53.2163
446,26.2281,40.1998
460,22.7116,42.9153
398,37.8429,89.5792
289,50.0995,72.9648
195,38.6078,51.2229
425,16.7387,28.6763
308,28.2493,47.3715
219,303.659,768.21
130,35.7699,49.0814
269,50.9915,93.0247
175,22.7109,28.5416
480,25.6758,49.6922
98,117.246,210.341
153,78.1325,88.6634
116,27.6351,37.5544
20,29.1554,29.4734
396,37.8275,57.4739
65,45.9684,63.8711
294,33.6985,51.4052
188,37.4006,50.6491
448,29.2668,55.9809
43,48.0031,55.2939
438,35.438,93.963
320,26.8545,38.4396
231,31.155,43.8232
118,29.135,44.7618
315,33.8764,71.0336
365,33.9162,49.2493
274,32.4615,53.6169
168,24.6285,38.2445
350,27.9884,39.4317
252,169.02,174.292
85,57.6127,61.757
376,20.9368,42.4496
217,21.2005,24.6389
333,25.1676,44.9421
444,16.6194,25.3704
389,23.0105,61.2697
184,56.0867,157.319
401,30.4823,58.146
427,494.349,502.027
19,169.415,181.437
197,31.4303,42.8758
69,46.2232,102.162
462,37.0051,52.0171
482,32.1937,63.2745
177,22.6693,29.9444
132,29.6864,47.6933
208,60.0205,109.482
114,42.7841,71.5511
151,91.0755,104.749
278,25.6744,38.8335
369,41.8503,159.189
491,15.9109,22.0898
67,44.8755,65.1203
285,51.5997,161.994
394,25.6956,40.8605
459,20.2271,32.541
22,63.9739,73.6244
429,39.2933,67.3823
41,363.017,914.719
296,32.947,66.6997
352,36.4705,44.0248
276,44.8307,85.1509
94,40.6596,48.1368
317,33.7575,42.3531
233,25.9147,52.1565
331,34.2654,58.6246
215,39.6254,78.8822
109,47.0995,73.3427
304,4630.79,4777.72
374,21.7426,36.7439
179,25.3009,31.4496
87,1569.54,1588.04
250,30.1895,36.6633
341,26.1449,35.879
421,36.4547,55.9946
414,37.9426,51.5502
191,22.3982,28.5807
464,53.6685,81.111
451,51.9671,123.417
442,223.229,338.782
407,14.4339,20.629
39,57.0452,67.8087
112,52.7388,75.1116
9,129.66,194.55
157,37.0853,105.279
484,51.6782,79.7621
171,28.0598,36.4838
144,23.1475,32.4111
349,50.6164,125.863
339,19.8221,30.4134
134,24.9317,34.4477
228,100.119,306.082
101,25.9367,34.0536
47,165.042,168.08
479,20.2407,26.7378
381,26.1815,56.1207
290,52.8812,67.277
61,169.985,171.979
392,141.41,254.96
54,59.8858,88.6581
24,68.0094,92.534
11,52.8348,54.563
337,23.1669,38.8513
213,30.3985,37.9891
372,19.1168,37.2599
81,34.9334,79.2843
256,45.501,73.9682
354,26.0009,41.2047
245,164.543,252.018
270,29.0141,62.5321
311,21.4819,33.9318
200,25.698,31.4512
129,189.93,199.768
235,30.874,55.22
58,61.0133,79.6297
466,24.4415,42.975
193,29.7145,74.4407
423,19.724,40.9514
430,61.3828,94.6315
405,55.1746,124.933
475,113.451,170.383
440,29.8978,60.9024
160,37.3938,61.2614
155,48.8666,59.4224
249,37.446,73.6329
358,25.2858,34.4564
328,19.1639,29.5294
125,34.6491,52.644
110,32.5433,43.22
136,26.0731,36.184
173,23.3102,34.8995
486,19.745,32.2326
292,30.8518,60.5071
70,213.88,525.529
45,81.6377,110.948
35,68.0403,94.7928
418,81.4711,165.463
26,58.9035,67.5881
390,28.6505,39.018
63,45.2095,94.187
148,59.1363,84.302
254,69.2611,108.27
83,34.9428,51.2106
261,37.6893,65.0778
370,21.7427,33.8267
488,14.3407,18.5711
211,26.4552,42.3936
224,17.4978,22.0842
335,27.7146,42.6088
237,35.994,56.5152
5,160.604,160.604
313,85.3811,276.979
272,25.1236,34.0033
356,19.3921,29.0114
313,85.3811,276.979
5,160.604,160.604
237,35.994,56.5152
356,19.3921,29.0114
272,25.1236,34.0033
488,14.3407,18.5711
370,21.7427,33.8267
83,34.9428,51.2106
261,37.6893,65.0778
254,69.2611,108.27
148,59.1363,84.302
335,27.7146,42.6088
224,17.4978,22.0842
211,26.4552,42.3936
26,58.9035,67.5881
418,81.4711,165.463
63,45.2095,94.187
390,28.6505,39.018
45,81.6377,110.948
292,30.8518,60.5071
70,213.88,525.529
35,68.0403,94.7928
136,26.0731,36.184
486,19.745,32.2326
173,23.3102,34.8995
358,25.2858,34.4564
249,37.446,73.6329
155,48.8666,59.4224
160,37.3938,61.2614
110,32.5433,43.22
125,34.6491,52.644
328,19.1639,29.5294
405,55.1746,124.933
430,61.3828,94.6315
440,29.8978,60.9024
475,113.451,170.383
193,29.7145,74.4407
466,24.4415,42.975
58,61.0133,79.6297
423,19.724,40.9514
270,29.0141,62.5321
245,164.543,252.018
354,26.0009,41.2047
235,30.874,55.22
129,189.93,199.768
200,25.698,31.4512
311,21.4819,33.9318
213,30.3985,37.9891
337,23.1669,38.8513
256,45.501,73.9682
81,34.9334,79.2843
372,19.1168,37.2599
54,59.8858,88.6581
392,141.41,254.96
61,169.985,171.979
11,52.8348,54.563
24,68.0094,92.534
290,52.8812,67.277
381,26.1815,56.1207
479,20.2407,26.7378
47,165.042,168.08
349,50.6164,125.863
144,23.1475,32.4111
171,28.0598,36.4838
484,51.6782,79.7621
101,25.9367,34.0536
228,100.119,306.082
134,24.9317,34.4477
339,19.8221,30.4134
9,129.66,194.55
112,52.7388,75.1116
157,37.0853,105.279
442,223.229,338.782
39,57.0452,67.8087
407,14.4339,20.629
414,37.9426,51.5502
421,36.4547,55.9946
451,51.9671,123.417
464,53.6685,81.111
191,22.3982,28.5807
304,4630.79,4777.72
109,47.0995,73.3427
215,39.6254,78.8822
331,34.2654,58.6246
341,26.1449,35.879
250,30.1895,36.6633
87,1569.54,1588.04
179,25.3009,31.4496
374,21.7426,36.7439
276,44.8307,85.1509
94,40.6596,48.1368
352,36.4705,44.0248
233,25.9147,52.1565
317,33.7575,42.3531
296,32.947,66.6997
41,363.017,914.719
459,20.2271,32.541
394,25.6956,40.8605
67,44.8755,65.1203
285,51.5997,161.994
429,39.2933,67.3823
22,63.9739,73.6244
114,42.7841,71.5511
208,60.0205,109.482
491,15.9109,22.0898
369,41.8503,159.189
278,25.6744,38.8335
151,91.0755,104.749
177,22.6693,29.9444
482,32.1937,63.2745
132,29.6864,47.6933
19,169.415,181.437
427,494.349,502.027
462,37.0051,52.0171
69,46.2232,102.162
197,31.4303,42.8758
184,56.0867,157.319
389,23.0105,61.2697
444,16.6194,25.3704
401,30.4823,58.146
376,20.9368,42.4496
85,57.6127,61.757
252,169.02,174.292
333,25.1676,44.9421
217,21.2005,24.6389
315,33.8764,71.0336
118,29.135,44.7618
231,31.155,43.8232
320,26.8545,38.4396
350,27.9884,39.4317
168,24.6285,38.2445
274,32.4615,53.6169
365,33.9162,49.2493
43,48.0031,55.2939
448,29.2668,55.9809
188,37.4006,50.6491
294,33.6985,51.4052
438,35.438,93.963
20,29.1554,29.4734
65,45.9684,63.8711
396,37.8275,57.4739
153,78.1325,88.6634
98,117.246,210.341
116,27.6351,37.5544
130,35.7699,49.0814
219,303.659,768.21
308,28.2493,47.3715
480,25.6758,49.6922
175,22.7109,28.5416
269,50.9915,93.0247
195,38.6078,51.2229
289,50.0995,72.9648
398,37.8429,89.5792
460,22.7116,42.9153
425,16.7387,28.6763
403,22.8667,30.7885
446,26.2281,40.1998
78,43.0615,53.2163
425,16.7387,28.6763
460,22.7116,42.9153
195,38.6078,51.2229
289,50.0995,72.9648
186,48.8151,132.575
78,43.0615,53.2163
446,26.2281,40.1998
403,22.8667,30.7885
116,27.6351,37.5544
493,23.2963,39.1609
98,117.246,210.341
153,78.1325,88.6634
175,22.7109,28.5416
269,50.9915,93.0247
480,25.6758,49.6922
308,28.2493,47.3715
130,35.7699,49.0814
438,35.438,93.963
188,37.4006,50.6491
294,33.6985,51.4052
43,48.0031,55.2939
396,37.8275,57.4739
65,45.9684,63.8711
287,45.2387,88.6847
20,29.1554,29.4734
306,38.4174,60.3631
217,21.2005,24.6389
333,25.1676,44.9421
343,52.2029,92.2723
252,169.02,174.292
85,57.6127,61.757
376,20.9368,42.4496
168,24.6285,38.2445
274,32.4615,53.6169
96,79.9133,153.9
350,27.9884,39.4317
231,31.155,43.8232
315,33.8764,71.0336
197,31.4303,42.8758
462,37.0051,52.0171
427,494.349,502.027
19,169.415,181.437
401,30.4823,58.146
444,16.6194,25.3704
389,23.0105,61.2697
151,91.0755,104.749
369,41.8503,159.189
114,42.7841,71.5511
208,60.0205,109.482
132,29.6864,47.6933
482,32.1937,63.2745
177,22.6693,29.9444
41,363.017,914.719
296,32.947,66.6997
22,63.9739,73.6244
67,44.8755,65.1203
394,25.6956,40.8605
459,20.2271,32.541
374,21.7426,36.7439
87,1569.54,1588.04
250,30.1895,36.6633
331,34.2654,58.6246
109,47.0995,73.3427
215,39.6254,78.8822
317,33.7575,42.3531
233,25.9147,52.1565
322,24.9893,47.5136
352,36.4705,44.0248
276,44.8307,85.1509
367,19.4614,35.1597
407,14.4339,20.629
432,28.9145,35.724
39,57.0452,67.8087
442,223.229,338.782
477,644.468,874.459
191,22.3982,28.5807
464,53.6685,81.111
421,36.4547,55.9946
228,100.119,306.082
134,24.9317,34.4477
484,51.6782,79.7621
171,28.0598,36.4838
349,50.6164,125.863
157,37.0853,105.279
162,198.659,220.159
112,52.7388,75.1116
127,54.3043,59.6718
9,129.66,194.55
24,68.0094,92.534
61,169.985,171.979
392,141.41,254.96
47,165.042,168.08
479,20.2407,26.7378
290,52.8812,67.277
72,51.0689,63.4334
37,69.0661,99.7074
311,21.4819,33.9318
235,30.874,55.22
129,189.93,199.768
7,102.189,108.338
354,26.0009,41.2047
270,29.0141,62.5321
372,19.1168,37.2599
81,34.9334,79.2843
263,25.515,43.6274
256,45.501,73.9682
337,23.1669,38.8513
226,48.027,59.8309
213,30.3985,37.9891
440,29.8978,60.9024
405,55.1746,124.933
416,13.9162,18.8468
423,19.724,40.9514
58,61.0133,79.6297
453,109.578,176.405
466,24.4415,42.975
193,29.7145,74.4407
146,38.4314,49.1599
173,23.3102,34.8995
486,19.745,32.2326
103,30.3613,40.844
136,26.0731,36.184
328,19.1639,29.5294
110,32.5433,43.22
249,37.446,73.6329
155,48.8666,59.4224
56,67.525,105.57
390,28.6505,39.018
63,45.2095,94.187
13,140.374,147.904
418,81.4711,165.463
26,58.9035,67.5881
292,30.8518,60.5071
383,28.6179,66.5784
45,81.6377,110.948
272,25.1236,34.0033
247,20.5184,31.8658
356,19.3921,29.0114
237,35.994,56.5152
202,28.265,51.0067
313,85.3811,276.979
211,26.4552,42.3936
335,27.7146,42.6088
254,69.2611,108.27
148,59.1363,84.302
83,34.9428,51.2106
370,21.7427,33.8267
335,27.7146,42.6088
211,26.4552,42.3936
370,21.7427,33.8267
83,34.9428,51.2106
148,59.1363,84.302
254,69.2611,108.27
356,19.3921,29.0114
247,20.5184,31.8658
272,25.1236,34.0033
313,85.3811,276.979
202,28.265,51.0067
237,35.994,56.5152
45,81.6377,110.948
383,28.6179,66.5784
292,30.8518,60.5071
63,45.2095,94.187
390,28.6505,39.018
56,67.525,105.57
26,58.9035,67.5881
418,81.4711,165.463
13,140.374,147.904
110,32.5433,43.22
328,19.1639,29.5294
155,48.8666,59.4224
249,37.446,73.6329
486,19.745,32.2326
173,23.3102,34.8995
146,38.4314,49.1599
136,26.0731,36.184
103,30.3613,40.844
423,19.724,40.9514
416,13.9162,18.8468
193,29.7145,74.4407
466,24.4415,42.975
453,109.578,176.405
58,61.0133,79.6297
440,29.8978,60.9024
405,55.1746,124.933
256,45.501,73.9682
81,34.9334,79.2843
263,25.515,43.6274
372,19.1168,37.2599
213,30.3985,37.9891
226,48.027,59.8309
337,23.1669,38.8513
129,189.93,199.768
7,102.189,108.338
235,30.874,55.22
311,21.4819,33.9318
270,29.0141,62.5321
354,26.0009,41.2047
290,52.8812,67.277
72,51.0689,63.4334
479,20.2407,26.7378
47,165.042,168.08
37,69.0661,99.7074
24,68.0094,92.534
392,141.41,254.96
61,169.985,171.979
162,198.659,220.159
157,37.0853,105.279
127,54.3043,59.6718
9,129.66,194.55
112,52.7388,75.1116
134,24.9317,34.4477
228,100.119,306.082
349,50.6164,125.863
171,28.0598,36.4838
484,51.6782,79.7621
464,53.6685,81.111
191,22.3982,28.5807
421,36.4547,55.9946
39,57.0452,67.8087
432,28.9145,35.724
407,14.4339,20.629
477,644.468,874.459
442,223.229,338.782
322,24.9893,47.5136
233,25.9147,52.1565
317,33.7575,42.3531
367,19.4614,35.1597
276,44.8307,85.1509
352,36.4705,44.0248
250,30.1895,36.6633
87,1569.54,1588.04
374,21.7426,36.7439
215,39.6254,78.8822
109,47.0995,73.3427
331,34.2654,58.6246
22,63.9739,73.6244
459,20.2271,32.541
394,25.6956,40.8605
67,44.8755,65.1203
296,32.947,66.6997
41,363.017,914.719
132,29.6864,47.6933
177,22.6693,29.9444
482,32.1937,63.2745
369,41.8503,159.189
151,91.0755,104.749
208,60.0205,109.482
114,42.7841,71.5511
401,30.4823,58.146
389,23.0105,61.2697
444,16.6194,25.3704
462,37.0051,52.0171
197,31.4303,42.8758
19,169.415,181.437
427,494.349,502.027
350,27.9884,39.4317
274,32.4615,53.6169
96,79.9133,153.9
168,24.6285,38.2445
315,33.8764,71.0336
231,31.155,43.8232
333,25.1676,44.9421
217,21.2005,24.6389
306,38.4174,60.3631
376,20.9368,42.4496
85,57.6127,61.757
252,169.02,174.292
343,52.2029,92.2723
65,45.9684,63.8711
287,45.2387,88.6847
396,37.8275,57.4739
20,29.1554,29.4734
438,35.438,93.963
43,48.0031,55.2939
294,33.6985,51.4052
188,37.4006,50.6491
480,25.6758,49.6922
269,50.9915,93.0247
175,22.7109,28.5416
130,35.7699,49.0814
308,28.2493,47.3715
116,27.6351,37.5544
153,78.1325,88.6634
98,117.246,210.341
493,23.2963,39.1609
446,26.2281,40.1998
78,43.0615,53.2163
186,48.8151,132.575
403,22.8667,30.7885
425,16.7387,28.6763
289,50.0995,72.9648
195,38.6078,51.2229
460,22.7116,42.9153
166,44.2545,57.0706
98,117.246,210.341
153,78.1325,88.6634
123,175.938,759.804
116,27.6351,37.5544
308,28.2493,47.3715
130,35.7699,49.0814
175,22.7109,28.5416
269,50.9915,93.0247
480,25.6758,49.6922
460,22.7116,42.9153
195,38.6078,51.2229
289,50.0995,72.9648
425,16.7387,28.6763
436,20.9966,70.0677
403,22.8667,30.7885
78,43.0615,53.2163
473,19.759,25.1356
446,26.2281,40.1998
252,169.02,174.292
85,57.6127,61.757
267,30.1428,46.1689
376,20.9368,42.4496
217,21.2005,24.6389
222,32.4642,53.7865
333,25.1676,44.9421
3,92.1608,107.61
231,31.155,43.8232
315,33.8764,71.0336
168,24.6285,38.2445
274,32.4615,53.6169
350,27.9884,39.4317
188,37.4006,50.6491
294,33.6985,51.4052
76,32.1246,39.4187
43,48.0031,55.2939
33,24.4276,24.4456
438,35.438,93.963
20,29.1554,29.4734
396,37.8275,57.4739
65,45.9684,63.8711
114,42.7841,71.5511
208,60.0205,109.482
151,91.0755,104.749
369,41.8503,159.189
482,32.1937,63.2745
177,22.6693,29.9444
142,43.549,132.999
132,29.6864,47.6933
107,42.2504,61.9626
427,494.349,502.027
412,15.5155,19.8983
19,169.415,181.437
197,31.4303,42.8758
462,37.0051,52.0171
457,25.4247,48.5883
444,16.6194,25.3704
389,23.0105,61.2697
401,30.4823,58.146
331,34.2654,58.6246
109,47.0995,73.3427
215,39.6254,78.8822
374,21.7426,36.7439
87,1569.54,1588.04
250,30.1895,36.6633
352,36.4705,44.0248
243,23.3791,38.5645
276,44.8307,85.1509
317,33.7575,42.3531
206,42.0829,63.519
233,25.9147,52.1565
41,363.017,914.719
387,24.6572,71.1054
296,32.947,66.6997
67,44.8755,65.1203
394,25.6956,40.8605
459,20.2271,32.541
52,61.457,86.2421
22,63.9739,73.6244
17,27.1014,30.5939
484,51.6782,79.7621
171,28.0598,36.4838
349,50.6164,125.863
228,100.119,306.082
134,24.9317,34.4477
112,52.7388,75.1116
9,129.66,194.55
157,37.0853,105.279
497,57.3657,140.234
442,223.229,338.782
182,34.272,51.1397
407,14.4339,20.629
39,57.0452,67.8087
421,36.4547,55.9946
191,22.3982,28.5807
464,53.6685,81.111
354,26.0009,41.2047
270,29.0141,62.5321
92,44.1181,57.4358
311,21.4819,33.9318
235,30.874,55.22
129,189.93,199.768
337,23.1669,38.8513
213,30.3985,37.9891
302,18.9828,29.6639
372,19.1168,37.2599
81,34.9334,79.2843
256,45.501,73.9682
347,22.2373,83.2441
61,169.985,171.979
283,231.998,332.151
392,141.41,254.96
24,68.0094,92.534
47,165.042,168.08
479,20.2407,26.7378
290,52.8812,67.277
136,26.0731,36.184
173,23.3102,34.8995
486,19.745,32.2326
249,37.446,73.6329
155,48.8666,59.4224
328,19.1639,29.5294
110,32.5433,43.22
405,55.1746,124.933
440,29.8978,60.9024
58,61.0133,79.6297
466,24.4415,42.975
193,29.7145,74.4407
423,19.724,40.9514
326,66.6278,91.3634
237,35.994,56.5152
313,85.3811,276.979
363,21.2941,30.6534
272,25.1236,34.0033
356,19.3921,29.0114
254,69.2611,108.27
148,59.1363,84.302
83,34.9428,51.2106
370,21.7427,33.8267
211,26.4552,42.3936
335,27.7146,42.6088
418,81.4711,165.463
26,58.9035,67.5881
390,28.6505,39.018
63,45.2095,94.187
292,30.8518,60.5071
45,81.6377,110.948
45,81.6377,110.948
292,30.8518,60.5071
26,58.9035,67.5881
418,81.4711,165.463
63,45.2095,94.187
390,28.6505,39.018
370,21.7427,33.8267
83,34.9428,51.2106
148,59.1363,84.302
254,69.2611,108.27
335,27.7146,42.6088
211,26.4552,42.3936
313,85.3811,276.979
237,35.994,56.5152
326,66.6278,91.3634
356,19.3921,29.0114
272,25.1236,34.0033
363,21.2941,30.6534
193,29.7145,74.4407
466,24.4415,42.975
58,61.0133,79.6297
423,19.724,40.9514
405,55.1746,124.933
440,29.8978,60.9024
155,48.8666,59.4224
249,37.446,73.6329
110,32.5433,43.22
328,19.1639,29.5294
136,26.0731,36.184
486,19.745,32.2326
173,23.3102,34.8995
290,52.8812,67.277
479,20.2407,26.7378
47,165.042,168.08
392,141.41,254.96
61,169.985,171.979
283,231.998,332.151
24,68.0094,92.534
302,18.9828,29.6639
213,30.3985,37.9891
337,23.1669,38.8513
347,22.2373,83.2441
256,45.501,73.9682
81,34.9334,79.2843
372,19.1168,37.2599
270,29.0141,62.5321
92,44.1181,57.4358
354,26.0009,41.2047
129,189.93,199.768
235,30.874,55.22
311,21.4819,33.9318
421,36.4547,55.9946
464,53.6685,81.111
191,22.3982,28.5807
182,34.272,51.1397
442,223.229,338.782
39,57.0452,67.8087
407,14.4339,20.629
9,129.66,194.55
112,52.7388,75.1116
497,57.3657,140.234
157,37.0853,105.279
349,50.6164,125.863
171,28.0598,36.4838
484,51.6782,79.7621
134,24.9317,34.4477
228,100.119,306.082
52,61.457,86.2421
459,20.2271,32.541
394,25.6956,40.8605
67,44.8755,65.1203
17,27.1014,30.5939
22,63.9739,73.6244
296,32.947,66.6997
387,24.6572,71.1054
41,363.017,914.719
276,44.8307,85.1509
243,23.3791,38.5645
352,36.4705,44.0248
233,25.9147,52.1565
206,42.0829,63.519
317,33.7575,42.3531
215,39.6254,78.8822
109,47.0995,73.3427
331,34.2654,58.6246
250,30.1895,36.6633
87,1569.54,1588.04
374,21.7426,36.7439
389,23.0105,61.2697
444,16.6194,25.3704
401,30.4823,58.146
19,169.415,181.437
412,15.5155,19.8983
427,494.349,502.027
457,25.4247,48.5883
462,37.0051,52.0171
197,31.4303,42.8758
142,43.549,132.999
177,22.6693,29.9444
482,32.1937,63.2745
107,42.2504,61.9626
132,29.6864,47.6933
208,60.0205,109.482
114,42.7841,71.5511
369,41.8503,159.189
151,91.0755,104.749
20,29.1554,29.4734
65,45.9684,63.8711
396,37.8275,57.4739
43,48.0031,55.2939
294,33.6985,51.4052
76,32.1246,39.4187
188,37.4006,50.6491
438,35.438,93.963
33,24.4276,24.4456
315,33.8764,71.0336
231,31.155,43.8232
3,92.1608,107.61
350,27.9884,39.4317
274,32.4615,53.6169
168,24.6285,38.2445
376,20.9368,42.4496
85,57.6127,61.757
267,30.1428,46.1689
252,169.02,174.292
333,25.1676,44.9421
222,32.4642,53.7865
217,21.2005,24.6389
403,22.8667,30.7885
436,20.9966,70.0677
446,26.2281,40.1998
473,19.759,25.1356
78,43.0615,53.2163
289,50.0995,72.9648
195,38.6078,51.2229
460,22.7116,42.9153
425,16.7387,28.6763
130,35.7699,49.0814
308,28.2493,47.3715
480,25.6758,49.6922
269,50.9915,93.0247
175,22.7109,28.5416
153,78.1325,88.6634
98,117.246,210.341
166,44.2545,57.0706
116,27.6351,37.5544
123,175.938,759.804
140,41.5317,56.42
269,50.9915,93.0247
175,22.7109,28.5416
480,25.6758,49.6922
378,44.7486,53.108
308,28.2493,47.3715
105,56.8587,65.1573
130,35.7699,49.0814
116,27.6351,37.5544
98,117.246,210.341
153,78.1325,88.6634
78,43.0615,53.2163
446,26.2281,40.1998
403,22.8667,30.7885
410,18.173,33.486
425,16.7387,28.6763
455,17.9156,27.2117
460,22.7116,42.9153
289,50.0995,72.9648
195,38.6078,51.2229
274,32.4615,53.6169
168,24.6285,38.2445
241,47.8042,112.282
350,27.9884,39.4317
231,31.155,43.8232
204,46.9741,59.0217
315,33.8764,71.0336
217,21.2005,24.6389
333,25.1676,44.9421
252,169.02,174.292
85,57.6127,61.757
376,20.9368,42.4496
50,35.0739,52.2287
396,37.8275,57.4739
65,45.9684,63.8711
15,46.434,47.2364
20,29.1554,29.4734
438,35.438,93.963
294,33.6985,51.4052
188,37.4006,50.6491
385,20.6862,37.9154
43,48.0031,55.2939
132,29.6864,47.6933
482,32.1937,63.2745
177,22.6693,29.9444
89,34.3371,43.6514
151,91.0755,104.749
164,86.3844,130.146
369,41.8503,159.189
319,27.6472,39.7273
208,60.0205,109.482
114,42.7841,71.5511
121,23.0231,26.1288
401,30.4823,58.146
434,681.545,766.292
444,16.6194,25.3704
389,23.0105,61.2697
471,30.7915,58.4285
298,22.0797,35.7693
197,31.4303,42.8758
462,37.0051,52.0171
427,494.349,502.027
19,169.415,181.437
317,33.7575,42.3531
233,25.9147,52.1565
352,36.4705,44.0248
276,44.8307,85.1509
374,21.7426,36.7439
87,1569.54,1588.04
265,52.0714,78.9102
250,30.1895,36.6633
331,34.2654,58.6246
220,22.4891,31.6197
215,39.6254,78.8822
109,47.0995,73.3427
22,63.9739,73.6244
199,26.2627,36.7769
67,44.8755,65.1203
394,25.6956,40.8605
459,20.2271,32.541
41,363.017,914.719
296,32.947,66.6997
74,34.71,56.1311
31,122.464,291.809
157,37.0853,105.279
112,52.7388,75.1116
9,129.66,194.55
134,24.9317,34.4477
228,100.119,306.082
484,51.6782,79.7621
171,28.0598,36.4838
258,23.4262,44.9572
349,50.6164,125.863
191,22.3982,28.5807
464,53.6685,81.111
421,36.4547,55.9946
407,14.4339,20.629
39,57.0452,67.8087
49,115.504,323.996
442,223.229,338.782
372,19.1168,37.2599
81,34.9334,79.2843
256,45.501,73.9682
337,23.1669,38.8513
213,30.3985,37.9891
311,21.4819,33.9318
129,189.93,199.768
235,30.874,55.22
324,80.3545,95.6654
354,26.0009,41.2047
159,86.6946,127.497
270,29.0141,62.5321
361,145.223,307.961
47,165.042,168.08
479,20.2407,26.7378
290,52.8812,67.277
409,22.7484,28.991
24,68.0094,92.534
61,169.985,171.979
392,141.41,254.96
328,19.1639,29.5294
239,18.4288,27.9697
110,32.5433,43.22
495,36.9859,47.0541
155,48.8666,59.4224
249,37.446,73.6329
173,23.3102,34.8995
486,19.745,32.2326
136,26.0731,36.184
423,19.724,40.9514
28,87.1785,145.235
58,61.0133,79.6297
466,24.4415,42.975
193,29.7145,74.4407
180,26.9948,35.5278
440,29.8978,60.9024
405,55.1746,124.933
300,49.4337,98.8584
211,26.4552,42.3936
138,36.1439,55.8195
335,27.7146,42.6088
345,25.3768,49.6413
148,59.1363,84.302
254,69.2611,108.27
83,34.9428,51.2106
370,21.7427,33.8267
272,25.1236,34.0033
90,44.5853,63.6856
356,19.3921,29.0114
237,35.994,56.5152
313,85.3811,276.979
292,30.8518,60.5071
45,81.6377,110.948
390,28.6505,39.018
468,29.0382,58.7564
63,45.2095,94.187
281,40.4241,65.2217
418,81.4711,165.463
26,58.9035,67.5881
63,45.2095,94.187
281,40.4241,65.2217
468,29.0382,58.7564
390,28.6505,39.018
26,58.9035,67.5881
418,81.4711,165.463
45,81.6377,110.948
292,30.8518,60.5071
356,19.3921,29.0114
272,25.1236,34.0033
90,44.5853,63.6856
313,85.3811,276.979
237,35.994,56.5152
335,27.7146,42.6088
138,36.1439,55.8195
211,26.4552,42.3936
300,49.4337,98.8584
370,21.7427,33.8267
83,34.9428,51.2106
254,69.2611,108.27
148,59.1363,84.302
345,25.3768,49.6413
440,29.8978,60.9024
180,26.9948,35.5278
405,55.1746,124.933
28,87.1785,145.235
423,19.724,40.9514
193,29.7145,74.4407
466,24.4415,42.975
58,61.0133,79.6297
486,19.745,32.2326
173,23.3102,34.8995
136,26.0731,36.184
110,32.5433,43.22
239,18.4288,27.9697
328,19.1639,29.5294
249,37.446,73.6329
155,48.8666,59.4224
495,36.9859,47.0541
24,68.0094,92.534
392,141.41,254.96
61,169.985,171.979
290,52.8812,67.277
479,20.2407,26.7378
47,165.042,168.08
409,22.7484,28.991
324,80.3545,95.6654
235,30.874,55.22
129,189.93,199.768
311,21.4819,33.9318
361,145.223,307.961
270,29.0141,62.5321
159,86.6946,127.497
354,26.0009,41.2047
256,45.501,73.9682
81,34.9334,79.2843
372,19.1168,37.2599
213,30.3985,37.9891
337,23.1669,38.8513
39,57.0452,67.8087
407,14.4339,20.629
442,223.229,338.782
49,115.504,323.996
464,53.6685,81.111
191,22.3982,28.5807
421,36.4547,55.9946
228,100.119,306.082
134,24.9317,34.4477
349,50.6164,125.863
258,23.4262,44.9572
171,28.0598,36.4838
484,51.6782,79.7621
157,37.0853,105.279
9,129.66,194.55
112,52.7388,75.1116
296,32.947,66.6997
74,34.71,56.1311
41,363.017,914.719
31,122.464,291.809
22,63.9739,73.6244
459,20.2271,32.541
394,25.6956,40.8605
67,44.8755,65.1203
199,26.2627,36.7769
250,30.1895,36.6633
87,1569.54,1588.04
265,52.0714,78.9102
374,21.7426,36.7439
109,47.0995,73.3427
215,39.6254,78.8822
220,22.4891,31.6197
331,34.2654,58.6246
233,25.9147,52.1565
317,33.7575,42.3531
276,44.8307,85.1509
352,36.4705,44.0248
462,37.0051,52.0171
197,31.4303,42.8758
19,169.415,181.437
427,494.349,502.027
434,681.545,766.292
401,30.4823,58.146
298,22.0797,35.7693
471,30.7915,58.4285
389,23.0105,61.2697
444,16.6194,25.3704
369,41.8503,159.189
164,86.3844,130.146
151,91.0755,104.749
121,23.0231,26.1288
114,42.7841,71.5511
208,60.0205,109.482
319,27.6472,39.7273
132,29.6864,47.6933
89,34.3371,43.6514
177,22.6693,29.9444
482,32.1937,63.2745
438,35.438,93.963
43,48.0031,55.2939
385,20.6862,37.9154
188,37.4006,50.6491
294,33.6985,51.4052
65,45.9684,63.8711
396,37.8275,57.4739
50,35.0739,52.2287
20,29.1554,29.4734
15,46.434,47.2364
333,25.1676,44.9421
217,21.2005,24.6389
376,20.9368,42.4496
85,57.6127,61.757
252,169.02,174.292
350,27.9884,39.4317
241,47.8042,112.282
168,24.6285,38.2445
274,32.4615,53.6169
315,33.8764,71.0336
204,46.9741,59.0217
231,31.155,43.8232
425,16.7387,28.6763
410,18.173,33.486
195,38.6078,51.2229
289,50.0995,72.9648
460,22.7116,42.9153
455,17.9156,27.2117
446,26.2281,40.1998
78,43.0615,53.2163
403,22.8667,30.7885
116,27.6351,37.5544
153,78.1325,88.6634
98,117.246,210.341
378,44.7486,53.108
480,25.6758,49.6922
175,22.7109,28.5416
269,50.9915,93.0247
140,41.5317,56.42
130,35.7699,49.0814
105,56.8587,65.1573
308,28.2493,47.3715
404,276.48,289.424
441,16.1718,25.0835
452,18.7716,32.7472
59,40.31,58.0176
192,70.3501,77.5861
467,20.52,28.1428
417,24.0495,40.2145
422,18.3285,34.7997
102,160.127,168.564
137,82.505,114.687
147,29.218,38.4074
487,28.9804,52.3661
172,29.7197,44.7182
248,27.8577,39.98
154,64.6123,106.219
329,26.8891,44.8222
111,125.068,141.95
419,27.2662,44.7244
12,70.5629,73.0619
27,41.3119,51.68
57,51.2113,91.3485
62,79.2815,134.1
391,22.962,35.5223
382,18.281,31.3423
293,20.6577,29.4982
44,62.7845,73.7394
236,28.2997,39.0708
312,22.3158,36.593
203,24.3774,32.5538
273,23.7668,31.7144
357,43.5388,68.3102
246,62.6986,69.9881
255,35.9133,66.7065
149,40.0369,54.3317
371,28.4474,54.7529
82,36.5319,41.2931
210,42.787,71.695
334,21.0938,34.5812
443,30.9509,49.8012
476,29.6401,47.7192
406,27.1657,64.8042
38,42.4373,52.9595
433,26.0558,42.5047
420,23.0304,37.1707
465,27.4621,57.3971
190,115.511,317.505
170,29.4472,48.844
485,28.4394,42.9203
348,26.038,41.9947
229,28.3858,44.1891
135,38.2161,56.6196
113,44.5487,62.1702
126,74.7756,184.506
8,53.8718,59.9958
156,26.2448,39.3682
163,56.667,75.0258
393,41.1949,85.5609
60,38.1044,49.8243
25,43.9714,64.2096
36,637.28,655.556
46,282.396,541.012
291,23.2541,46.2622
73,198.295,761.035
478,31.0823,57.0362
355,18.1348,22.9878
498,15.4897,21.9869
271,22.6205,42.1156
310,20.6388,26.8822
234,26.9136,36.1056
128,45.4738,101.608
6,154.118,249.393
227,24.8331,35.9893
336,52.3051,71.6843
212,31.7519,37.6167
80,37.5106,44.7445
262,27.4904,42.2598
373,28.5317,41.2326
257,27.0941,59.1037
426,38.3237,51.387
18,160.653,181.839
463,19.0642,29.0326
196,25.8041,39.3975
445,32.949,69.9837
388,18.6259,25.4411
400,20.4973,35.9735
115,143.441,190.081
209,35.4622,52.0568
150,27.3512,35.2375
368,21.4637,35.0514
176,23.9336,32.9913
483,27.1811,37.8216
133,32.0069,100.007
40,75.4765,94.8885
297,44.8133,73.0175
395,16.7567,21.6777
66,45.1116,54.0686
458,25.157,45.1955
23,85.7961,91.3712
330,27.5162,35.9905
108,28.1104,37.0682
214,27.4033,48.2545
86,444.017,475.107
375,35.7977,128.727
251,20.0649,25.834
353,29.0589,42.8689
366,21.8779,38.4778
277,28.8923,42.3788
316,17.3237,21.3298
323,16.8683,24.1561
232,32.9245,50.1544
194,32.5755,71.0668
288,31.4636,52.1253
461,15.5237,23.9032
424,24.3831,36.4049
402,21.3974,38.0482
187,31.0712,42.7511
79,32.7284,43.3286
447,29.3777,49.8889
99,59.4058,82.4586
492,26.9655,55.9677
152,54.7752,63.7473
117,56.4326,85.1496
309,22.9404,34.6616
131,36.9615,60.897
481,67.2786,100.048
174,46.6201,65.2978
268,20.6158,30.8801
189,31.4706,48.7626
295,23.5777,29.9056
42,45.4042,74.5419
439,19.3812,33.2434
21,55.9436,66.7928
64,38.7857,50.6293
286,26.7184,43.0585
397,31.0248,53.6862
253,62.578,99.843
342,21.1353,32.426
377,23.105,33.9717
84,43.1094,64.038
216,27.8021,38.0051
307,33.4392,53.9825
332,24.1408,34.5657
230,26.5518,41.2854
314,48.9902,72.2973
169,35.5001,73.8713
275,18.4201,28.8883
97,48.9215,70.9546
351,26.3209,38.0604
314,48.9902,72.2973
230,26.5518,41.2854
351,26.3209,38.0604
275,18.4201,28.8883
97,48.9215,70.9546
169,35.5001,73.8713
84,43.1094,64.038
377,23.105,33.9717
342,21.1353,32.426
253,62.578,99.843
332,24.1408,34.5657
307,33.4392,53.9825
216,27.8021,38.0051
21,55.9436,66.7928
397,31.0248,53.6862
64,38.7857,50.6293
286,26.7184,43.0585
42,45.4042,74.5419
295,23.5777,29.9056
189,31.4706,48.7626
439,19.3812,33.2434
131,36.9615,60.897
309,22.9404,34.6616
268,20.6158,30.8801
174,46.6201,65.2978
481,67.2786,100.048
152,54.7752,63.7473
492,26.9655,55.9677
99,59.4058,82.4586
117,56.4326,85.1496
402,21.3974,38.0482
447,29.3777,49.8889
79,32.7284,43.3286
187,31.0712,42.7511
461,15.5237,23.9032
288,31.4636,52.1253
194,32.5755,71.0668
424,24.3831,36.4049
277,28.8923,42.3788
366,21.8779,38.4778
353,29.0589,42.8689
232,32.9245,50.1544
323,16.8683,24.1561
316,17.3237,21.3298
214,27.4033,48.2545
108,28.1104,37.0682
330,27.5162,35.9905
251,20.0649,25.834
375,35.7977,128.727
86,444.017,475.107
458,25.157,45.1955
66,45.1116,54.0686
395,16.7567,21.6777
23,85.7961,91.3712
297,44.8133,73.0175
40,75.4765,94.8885
483,27.1811,37.8216
176,23.9336,32.9913
133,32.0069,100.007
209,35.4622,52.0568
115,143.441,190.081
368,21.4637,35.0514
150,27.3512,35.2375
388,18.6259,25.4411
445,32.949,69.9837
400,20.4973,35.9735
18,160.653,181.839
426,38.3237,51.387
196,25.8041,39.3975
463,19.0642,29.0326
212,31.7519,37.6167
336,52.3051,71.6843
227,24.8331,35.9893
257,27.0941,59.1037
373,28.5317,41.2326
80,37.5106,44.7445
262,27.4904,42.2598
271,22.6205,42.1156
498,15.4897,21.9869
355,18.1348,22.9878
128,45.4738,101.608
6,154.118,249.393
234,26.9136,36.1056
310,20.6388,26.8822
36,637.28,655.556
478,31.0823,57.0362
291,23.2541,46.2622
73,198.295,761.035
46,282.396,541.012
60,38.1044,49.8243
393,41.1949,85.5609
25,43.9714,64.2096
126,74.7756,184.506
8,53.8718,59.9958
113,44.5487,62.1702
163,56.667,75.0258
156,26.2448,39.3682
348,26.038,41.9947
485,28.4394,42.9203
170,29.4472,48.844
135,38.2161,56.6196
229,28.3858,44.1891
420,23.0304,37.1707
190,115.511,317.505
465,27.4621,57.3971
476,29.6401,47.7192
443,30.9509,49.8012
433,26.0558,42.5047
38,42.4373,52.9595
406,27.1657,64.8042
82,36.5319,41.2931
371,28.4474,54.7529
149,40.0369,54.3317
255,35.9133,66.7065
334,21.0938,34.5812
210,42.787,71.695
203,24.3774,32.5538
312,22.3158,36.593
236,28.2997,39.0708
246,62.6986,69.9881
357,43.5388,68.3102
273,23.7668,31.7144
44,62.7845,73.7394
293,20.6577,29.4982
382,18.281,31.3423
27,41.3119,51.68
12,70.5629,73.0619
419,27.2662,44.7244
391,22.962,35.5223
62,79.2815,134.1
57,51.2113,91.3485
154,64.6123,106.219
248,27.8577,39.98
111,125.068,141.95
329,26.8891,44.8222
137,82.505,114.687
102,160.127,168.564
172,29.7197,44.7182
487,28.9804,52.3661
147,29.218,38.4074
467,20.52,28.1428
192,70.3501,77.5861
59,40.31,58.0176
452,18.7716,32.7472
422,18.3285,34.7997
417,24.0495,40.2145
404,276.48,289.424
441,16.1718,25.0835
422,18.3285,34.7997
59,40.31,58.0176
192,70.3501,77.5861
467,20.52,28.1428
474,19.437,26.6519
441,16.1718,25.0835
431,23.9119,39.0937
404,276.48,289.424
124,28.6307,34.9933
329,26.8891,44.8222
111,125.068,141.95
161,39.6393,61.1275
359,51.3299,78.4203
154,64.6123,106.219
248,27.8577,39.98
487,28.9804,52.3661
172,29.7197,44.7182
137,82.505,114.687
34,37.1091,51.5622
293,20.6577,29.4982
71,37.1207,49.6968
44,62.7845,73.7394
62,79.2815,134.1
391,22.962,35.5223
419,27.2662,44.7244
27,41.3119,51.68
210,42.787,71.695
334,21.0938,34.5812
225,24.3696,37.3687
149,40.0369,54.3317
255,35.9133,66.7065
489,23.4013,38.4948
371,28.4474,54.7529
82,36.5319,41.2931
260,20.3723,28.8828
273,23.7668,31.7144
357,43.5388,68.3102
236,28.2997,39.0708
4,74.4819,74.4819
312,22.3158,36.593
465,27.4621,57.3971
190,115.511,317.505
450,16.5412,26.1764
420,23.0304,37.1707
415,28.3932,42.9344
406,27.1657,64.8042
38,42.4373,52.9595
443,30.9509,49.8012
156,26.2448,39.3682
113,44.5487,62.1702
8,53.8718,59.9958
135,38.2161,56.6196
229,28.3858,44.1891
338,53.1769,72.4795
100,30.0261,45.7039
170,29.4472,48.844
485,28.4394,42.9203
348,26.038,41.9947
145,29.2924,36.274
46,282.396,541.012
291,23.2541,46.2622
380,18.8922,25.9736
478,31.0823,57.0362
25,43.9714,64.2096
10,150.976,187.383
393,41.1949,85.5609
60,38.1044,49.8243
55,91.4335,336.197
80,37.5106,44.7445
373,28.5317,41.2326
257,27.0941,59.1037
336,52.3051,71.6843
212,31.7519,37.6167
201,80.213,128.862
310,20.6388,26.8822
128,45.4738,101.608
234,26.9136,36.1056
244,35.9225,60.4247
355,18.1348,22.9878
498,15.4897,21.9869
271,22.6205,42.1156
400,20.4973,35.9735
445,32.949,69.9837
185,27.4104,44.1259
388,18.6259,25.4411
463,19.0642,29.0326
196,25.8041,39.3975
68,53.8261,90.5891
426,38.3237,51.387
18,160.653,181.839
133,32.0069,100.007
176,23.9336,32.9913
483,27.1811,37.8216
150,27.3512,35.2375
490,20.5083,28.7295
368,21.4637,35.0514
279,69.1796,99.7993
209,35.4622,52.0568
115,143.441,190.081
428,20.1482,36.4122
23,85.7961,91.3712
395,16.7567,21.6777
66,45.1116,54.0686
284,68.7718,83.2279
458,25.157,45.1955
40,75.4765,94.8885
297,44.8133,73.0175
316,17.3237,21.3298
232,32.9245,50.1544
353,29.0589,42.8689
277,28.8923,42.3788
95,31.1618,52.6683
178,61.8837,76.7183
86,444.017,475.107
375,35.7977,128.727
340,38.5514,58.4451
251,20.0649,25.834
330,27.5162,35.9905
305,25.9878,40.1208
214,27.4033,48.2545
108,28.1104,37.0682
79,32.7284,43.3286
447,29.3777,49.8889
402,21.3974,38.0482
424,24.3831,36.4049
288,31.4636,52.1253
194,32.5755,71.0668
399,22.1393,35.6062
461,15.5237,23.9032
481,67.2786,100.048
268,20.6158,30.8801
174,46.6201,65.2978
218,29.3234,39.9005
309,22.9404,34.6616
131,36.9615,60.897
117,56.4326,85.1496
99,59.4058,82.4586
152,54.7752,63.7473
64,38.7857,50.6293
397,31.0248,53.6862
21,55.9436,66.7928
439,19.3812,33.2434
295,23.5777,29.9056
189,31.4706,48.7626
42,45.4042,74.5419
449,245.11,331.045
275,18.4201,28.8883
169,35.5001,73.8713
364,30.815,47.6636
351,26.3209,38.0604
230,26.5518,41.2854
321,22.7131,33.5532
314,48.9902,72.2973
119,41.5008,86.7032
216,27.8021,38.0051
332,24.1408,34.5657
253,62.578,99.843
377,23.105,33.9717
84,43.1094,64.038
332,24.1408,34.5657
216,27.8021,38.0051
84,43.1094,64.038
377,23.105,33.9717
253,62.578,99.843
351,26.3209,38.0604
364,30.815,47.6636
169,35.5001,73.8713
275,18.4201,28.8883
119,41.5008,86.7032
314,48.9902,72.2973
321,22.7131,33.5532
230,26.5518,41.2854
439,19.3812,33.2434
449,245.11,331.045
42,45.4042,74.5419
189,31.4706,48.7626
295,23.5777,29.9056
397,31.0248,53.6862
64,38.7857,50.6293
21,55.9436,66.7928
117,56.4326,85.1496
152,54.7752,63.7473
99,59.4058,82.4586
174,46.6201,65.2978
268,20.6158,30.8801
481,67.2786,100.048
131,36.9615,60.897
309,22.9404,34.6616
218,29.3234,39.9005
424,24.3831,36.4049
461,15.5237,23.9032
399,22.1393,35.6062
194,32.5755,71.0668
288,31.4636,52.1253
447,29.3777,49.8889
79,32.7284,43.3286
402,21.3974,38.0482
251,20.0649,25.834
340,38.5514,58.4451
375,35.7977,128.727
86,444.017,475.107
178,61.8837,76.7183
108,28.1104,37.0682
214,27.4033,48.2545
305,25.9878,40.1208
330,27.5162,35.9905
232,32.9245,50.1544
316,17.3237,21.3298
277,28.8923,42.3788
95,31.1618,52.6683
353,29.0589,42.8689
297,44.8133,73.0175
40,75.4765,94.8885
23,85.7961,91.3712
428,20.1482,36.4122
458,25.157,45.1955
66,45.1116,54.0686
284,68.7718,83.2279
395,16.7567,21.6777
279,69.1796,99.7993
368,21.4637,35.0514
490,20.5083,28.7295
150,27.3512,35.2375
115,143.441,190.081
209,35.4622,52.0568
133,32.0069,100.007
483,27.1811,37.8216
176,23.9336,32.9913
68,53.8261,90.5891
196,25.8041,39.3975
463,19.0642,29.0326
18,160.653,181.839
426,38.3237,51.387
400,20.4973,35.9735
388,18.6259,25.4411
185,27.4104,44.1259
445,32.949,69.9837
234,26.9136,36.1056
128,45.4738,101.608
310,20.6388,26.8822
201,80.213,128.862
271,22.6205,42.1156
498,15.4897,21.9869
355,18.1348,22.9878
244,35.9225,60.4247
257,27.0941,59.1037
373,28.5317,41.2326
80,37.5106,44.7445
212,31.7519,37.6167
336,52.3051,71.6843
10,150.976,187.383
25,43.9714,64.2096
55,91.4335,336.197
60,38.1044,49.8243
393,41.1949,85.5609
478,31.0823,57.0362
380,18.8922,25.9736
291,23.2541,46.2622
46,282.396,541.012
100,30.0261,45.7039
338,53.1769,72.4795
229,28.3858,44.1891
135,38.2161,56.6196
145,29.2924,36.274
348,26.038,41.9947
485,28.4394,42.9203
170,29.4472,48.844
156,26.2448,39.3682
8,53.8718,59.9958
113,44.5487,62.1702
38,42.4373,52.9595
406,27.1657,64.8042
443,30.9509,49.8012
450,16.5412,26.1764
190,115.511,317.505
465,27.4621,57.3971
415,28.3932,42.9344
420,23.0304,37.1707
357,43.5388,68.3102
273,23.7668,31.7144
312,22.3158,36.593
4,74.4819,74.4819
236,28.2997,39.0708
225,24.3696,37.3687
334,21.0938,34.5812
210,42.787,71.695
82,36.5319,41.2931
260,20.3723,28.8828
371,28.4474,54.7529
489,23.4013,38.4948
255,35.9133,66.7065
149,40.0369,54.3317
391,22.962,35.5223
62,79.2815,134.1
27,41.3119,51.68
419,27.2662,44.7244
34,37.1091,51.5622
44,62.7845,73.7394
293,20.6577,29.4982
71,37.1207,49.6968
172,29.7197,44.7182
487,28.9804,52.3661
137,82.505,114.687
111,125.068,141.95
329,26.8891,44.8222
124,28.6307,34.9933
248,27.8577,39.98
154,64.6123,106.219
359,51.3299,78.4203
161,39.6393,61.1275
441,16.1718,25.0835
474,19.437,26.6519
404,276.48,289.424
431,23.9119,39.0937
422,18.3285,34.7997
467,20.52,28.1428
192,70.3501,77.5861
59,40.31,58.0176
494,17.3521,30.9722
154,64.6123,106.219
248,27.8577,39.98
238,26.8394,50.1512
329,26.8891,44.8222
111,125.068,141.95
137,82.505,114.687
487,28.9804,52.3661
172,29.7197,44.7182
59,40.31,58.0176
192,70.3501,77.5861
467,20.52,28.1428
29,126.044,203.739
422,18.3285,34.7997
404,276.48,289.424
181,40.8493,53.6038
441,16.1718,25.0835
149,40.0369,54.3317
255,35.9133,66.7065
344,23.317,27.0305
371,28.4474,54.7529
82,36.5319,41.2931
210,42.787,71.695
301,27.7566,42.843
334,21.0938,34.5812
139,29.8236,45.4222
236,28.2997,39.0708
312,22.3158,36.593
273,23.7668,31.7144
91,100.797,118.953
357,43.5388,68.3102
293,20.6577,29.4982
44,62.7845,73.7394
419,27.2662,44.7244
27,41.3119,51.68
62,79.2815,134.1
280,23.5752,36.4068
469,18.7144,24.9754
391,22.962,35.5223
113,44.5487,62.1702
8,53.8718,59.9958
156,26.2448,39.3682
170,29.4472,48.844
485,28.4394,42.9203
348,26.038,41.9947
259,26.6567,47.931
135,38.2161,56.6196
229,28.3858,44.1891
420,23.0304,37.1707
465,27.4621,57.3971
190,115.511,317.505
443,30.9509,49.8012
48,1211.48,1653.78
406,27.1657,64.8042
38,42.4373,52.9595
336,52.3051,71.6843
212,31.7519,37.6167
80,37.5106,44.7445
373,28.5317,41.2326
257,27.0941,59.1037
158,30.6379,45.3249
355,18.1348,22.9878
360,18.2404,28.8802
498,15.4897,21.9869
271,22.6205,42.1156
310,20.6388,26.8822
325,88.3028,141.51
128,45.4738,101.608
234,26.9136,36.1056
408,26.4772,47.1979
46,282.396,541.012
291,23.2541,46.2622
478,31.0823,57.0362
393,41.1949,85.5609
60,38.1044,49.8243
25,43.9714,64.2096
176,23.9336,32.9913
88,32.5135,52.9025
483,27.1811,37.8216
133,32.0069,100.007
209,35.4622,52.0568
115,143.441,190.081
318,18.2564,24.3608
120,202.833,233.585
150,27.3512,35.2375
368,21.4637,35.0514
165,24.5332,30.1538
445,32.949,69.9837
299,21.2723,26.5666
470,24.6856,41.9327
388,18.6259,25.4411
400,20.4973,35.9735
435,25.7209,39.9228
426,38.3237,51.387
18,160.653,181.839
463,19.0642,29.0326
196,25.8041,39.3975
353,29.0589,42.8689
277,28.8923,42.3788
316,17.3237,21.3298
232,32.9245,50.1544
221,35.8693,59.2051
330,27.5162,35.9905
214,27.4033,48.2545
108,28.1104,37.0682
86,444.017,475.107
264,43.7616,95.4609
375,35.7977,128.727
251,20.0649,25.834
395,16.7567,21.6777
198,68.7414,96.3292
66,45.1116,54.0686
458,25.157,45.1955
23,85.7961,91.3712
30,64.1538,73.1731
40,75.4765,94.8885
297,44.8133,73.0175
75,46.1239,76.8093
104,39.4622,55.0211
309,22.9404,34.6616
131,36.9615,60.897
141,20.0399,36.6017
379,19.8355,27.3562
481,67.2786,100.048
268,20.6158,30.8801
174,46.6201,65.2978
99,59.4058,82.4586
152,54.7752,63.7473
117,56.4326,85.1496
402,21.3974,38.0482
79,32.7284,43.3286
447,29.3777,49.8889
454,17.647,25.505
288,31.4636,52.1253
194,32.5755,71.0668
461,15.5237,23.9032
411,23.6241,34.2222
424,24.3831,36.4049
230,26.5518,41.2854
314,48.9902,72.2973
205,30.9087,55.9114
275,18.4201,28.8883
169,35.5001,73.8713
351,26.3209,38.0604
240,53.2628,76.3015
253,62.578,99.843
377,23.105,33.9717
84,43.1094,64.038
216,27.8021,38.0051
332,24.1408,34.5657
14,116.195,174.323
21,55.9436,66.7928
51,58.9972,71.4003
64,38.7857,50.6293
397,31.0248,53.6862
384,24.7935,52.3889
295,23.5777,29.9056
189,31.4706,48.7626
42,45.4042,74.5419
439,19.3812,33.2434
42,45.4042,74.5419
189,31.4706,48.7626
295,23.5777,29.9056
384,24.7935,52.3889
439,19.3812,33.2434
21,55.9436,66.7928
14,116.195,174.323
397,31.0248,53.6862
64,38.7857,50.6293
51,58.9972,71.4003
84,43.1094,64.038
377,23.105,33.9717
253,62.578,99.843
332,24.1408,34.5657
216,27.8021,38.0051
205,30.9087,55.9114
314,48.9902,72.2973
230,26.5518,41.2854
240,53.2628,76.3015
351,26.3209,38.0604
169,35.5001,73.8713
275,18.4201,28.8883
461,15.5237,23.9032
194,32.5755,71.0668
288,31.4636,52.1253
454,17.647,25.505
424,24.3831,36.4049
411,23.6241,34.2222
402,21.3974,38.0482
447,29.3777,49.8889
79,32.7284,43.3286
152,54.7752,63.7473
99,59.4058,82.4586
117,56.4326,85.1496
131,36.9615,60.897
309,22.9404,34.6616
104,39.4622,55.0211
174,46.6201,65.2978
268,20.6158,30.8801
481,67.2786,100.048
379,19.8355,27.3562
141,20.0399,36.6017
30,64.1538,73.1731
297,44.8133,73.0175
75,46.1239,76.8093
40,75.4765,94.8885
458,25.157,45.1955
66,45.1116,54.0686
198,68.7414,96.3292
395,16.7567,21.6777
23,85.7961,91.3712
108,28.1104,37.0682
214,27.4033,48.2545
330,27.5162,35.9905
221,35.8693,59.2051
251,20.0649,25.834
375,35.7977,128.727
86,444.017,475.107
264,43.7616,95.4609
277,28.8923,42.3788
353,29.0589,42.8689
232,32.9245,50.1544
316,17.3237,21.3298
18,160.653,181.839
426,38.3237,51.387
196,25.8041,39.3975
463,19.0642,29.0326
388,18.6259,25.4411
470,24.6856,41.9327
299,21.2723,26.5666
445,32.949,69.9837
435,25.7209,39.9228
400,20.4973,35.9735
120,202.833,233.585
318,18.2564,24.3608
115,143.441,190.081
209,35.4622,52.0568
165,24.5332,30.1538
368,21.4637,35.0514
150,27.3512,35.2375
483,27.1811,37.8216
88,32.5135,52.9025
176,23.9336,32.9913
133,32.0069,100.007
60,38.1044,49.8243
393,41.1949,85.5609
25,43.9714,64.2096
408,26.4772,47.1979
478,31.0823,57.0362
291,23.2541,46.2622
46,282.396,541.012
271,22.6205,42.1156
498,15.4897,21.9869
360,18.2404,28.8802
355,18.1348,22.9878
158,30.6379,45.3249
234,26.9136,36.1056
128,45.4738,101.608
325,88.3028,141.51
310,20.6388,26.8822
212,31.7519,37.6167
336,52.3051,71.6843
257,27.0941,59.1037
373,28.5317,41.2326
80,37.5106,44.7445
48,1211.48,1653.78
443,30.9509,49.8012
38,42.4373,52.9595
406,27.1657,64.8042
420,23.0304,37.1707
190,115.511,317.505
465,27.4621,57.3971
259,26.6567,47.931
348,26.038,41.9947
485,28.4394,42.9203
170,29.4472,48.844
229,28.3858,44.1891
135,38.2161,56.6196
8,53.8718,59.9958
113,44.5487,62.1702
156,26.2448,39.3682
27,41.3119,51.68
419,27.2662,44.7244
391,22.962,35.5223
469,18.7144,24.9754
62,79.2815,134.1
280,23.5752,36.4068
44,62.7845,73.7394
293,20.6577,29.4982
312,22.3158,36.593
236,28.2997,39.0708
357,43.5388,68.3102
273,23.7668,31.7144
91,100.797,118.953
82,36.5319,41.2931
371,28.4474,54.7529
344,23.317,27.0305
255,35.9133,66.7065
149,40.0369,54.3317
139,29.8236,45.4222
334,21.0938,34.5812
301,27.7566,42.843
210,42.787,71.695
404,276.48,289.424
441,16.1718,25.0835
181,40.8493,53.6038
467,20.52,28.1428
192,70.3501,77.5861
59,40.31,58.0176
422,18.3285,34.7997
29,126.044,203.739
137,82.505,114.687
172,29.7197,44.7182
487,28.9804,52.3661
248,27.8577,39.98
154,64.6123,106.219
494,17.3521,30.9722
111,125.068,141.95
329,26.8891,44.8222
238,26.8394,50.1512
487,28.9804,52.3661
172,29.7197,44.7182
137,82.505,114.687
329,26.8891,44.8222
111,125.068,141.95
248,27.8577,39.98
154,64.6123,106.219
441,16.1718,25.0835
404,276.48,289.424
422,18.3285,34.7997
59,40.31,58.0176
192,70.3501,77.5861
467,20.52,28.1428
273,23.7668,31.7144
362,40.4131,60.3862
357,43.5388,68.3102
236,28.2997,39.0708
327,31.6981,49.3373
312,22.3158,36.593
210,42.787,71.695
334,21.0938,34.5812
255,35.9133,66.7065
149,40.0369,54.3317
371,28.4474,54.7529
82,36.5319,41.2931
62,79.2815,134.1
391,22.962,35.5223
419,27.2662,44.7244
27,41.3119,51.68
293,20.6577,29.4982
44,62.7845,73.7394
229,28.3858,44.1891
135,38.2161,56.6196
170,29.4472,48.844
485,28.4394,42.9203
348,26.038,41.9947
156,26.2448,39.3682
496,17.5142,27.4619
113,44.5487,62.1702
8,53.8718,59.9958
406,27.1657,64.8042
38,42.4373,52.9595
443,30.9509,49.8012
183,24.1088,32.9989
465,27.4621,57.3971
190,115.511,317.505
420,23.0304,37.1707
310,20.6388,26.8822
234,26.9136,36.1056
128,45.4738,101.608
355,18.1348,22.9878
498,15.4897,21.9869
271,22.6205,42.1156
93,61.0563,72.9214
80,37.5106,44.7445
373,28.5317,41.2326
346,29.7226,51.4144
257,27.0941,59.1037
336,52.3051,71.6843
303,23.2954,31.4379
212,31.7519,37.6167
25,43.9714,64.2096
393,41.1949,85.5609
60,38.1044,49.8243
282,26.3253,37.0592
46,282.396,541.012
291,23.2541,46.2622
478,31.0823,57.0362
150,27.3512,35.2375
368,21.4637,35.0514
115,143.441,190.081
209,35.4622,52.0568
133,32.0069,100.007
106,27.366,35.3119
176,23.9336,32.9913
483,27.1811,37.8216
143,40.4698,63.2052
463,19.0642,29.0326
196,25.8041,39.3975
456,24.3234,46.3649
426,38.3237,51.387
18,160.653,181.839
413,29.24,64.2287
400,20.4973,35.9735
445,32.949,69.9837
388,18.6259,25.4411
86,444.017,475.107
375,35.7977,128.727
251,20.0649,25.834
330,27.5162,35.9905
108,28.1104,37.0682
214,27.4033,48.2545
207,31.6331,72.1067
316,17.3237,21.3298
232,32.9245,50.1544
242,30.1223,37.4334
353,29.0589,42.8689
277,28.8923,42.3788
40,75.4765,94.8885
297,44.8133,73.0175
386,32.2074,61.4859
23,85.7961,91.3712
16,66.3977,91.8924
395,16.7567,21.6777
66,45.1116,54.0686
53,34.0105,44.3522
458,25.157,45.1955
122,86.0245,93.498
117,56.4326,85.1496
167,33.6386,52.4379
99,59.4058,82.4586
152,54.7752,63.7473
481,67.2786,100.048
174,46.6201,65.2978
268,20.6158,30.8801
309,22.9404,34.6616
131,36.9615,60.897
424,24.3831,36.4049
194,32.5755,71.0668
288,31.4636,52.1253
461,15.5237,23.9032
472,21.6895,27.868
79,32.7284,43.3286
447,29.3777,49.8889
437,22.7333,30.0768
402,21.3974,38.0482
216,27.8021,38.0051
332,24.1408,34.5657
223,88.4817,135.618
253,62.578,99.843
377,23.105,33.9717
84,43.1094,64.038
266,96.9733,121.824
169,35.5001,73.8713
275,18.4201,28.8883
351,26.3209,38.0604
230,26.5518,41.2854
314,48.9902,72.2973
439,19.3812,33.2434
32,53.0859,68.104
189,31.4706,48.7626
295,23.5777,29.9056
77,97.9507,150.65
42,45.4042,74.5419
64,38.7857,50.6293
397,31.0248,53.6862
21,55.9436,66.7928
397,31.0248,53.6862
64,38.7857,50.6293
21,55.9436,66.7928
32,53.0859,68.104
439,19.3812,33.2434
42,45.4042,74.5419
295,23.5777,29.9056
77,97.9507,150.65
189,31.4706,48.7626
351,26.3209,38.0604
275,18.4201,28.8883
169,35.5001,73.8713
314,48.9902,72.2973
230,26.5518,41.2854
223,88.4817,135.618
332,24.1408,34.5657
216,27.8021,38.0051
84,43.1094,64.038
266,96.9733,121.824
377,23.105,33.9717
253,62.578,99.843
447,29.3777,49.8889
79,32.7284,43.3286
472,21.6895,27.868
402,21.3974,38.0482
437,22.7333,30.0768
424,24.3831,36.4049
461,15.5237,23.9032
288,31.4636,52.1253
194,32.5755,71.0668
268,20.6158,30.8801
174,46.6201,65.2978
481,67.2786,100.048
131,36.9615,60.897
309,22.9404,34.6616
117,56.4326,85.1496
122,86.0245,93.498
152,54.7752,63.7473
99,59.4058,82.4586
167,33.6386,52.4379
16,66.3977,91.8924
23,85.7961,91.3712
458,25.157,45.1955
53,34.0105,44.3522
66,45.1116,54.0686
395,16.7567,21.6777
386,32.2074,61.4859
297,44.8133,73.0175
40,75.4765,94.8885
232,32.9245,50.1544
316,17.3237,21.3298
207,31.6331,72.1067
277,28.8923,42.3788
353,29.0589,42.8689
242,30.1223,37.4334
251,20.0649,25.834
375,35.7977,128.727
86,444.017,475.107
214,27.4033,48.2545
108,28.1104,37.0682
330,27.5162,35.9905
400,20.4973,35.9735
388,18.6259,25.4411
445,32.949,69.9837
456,24.3234,46.3649
196,25.8041,39.3975
463,19.0642,29.0326
413,29.24,64.2287
18,160.653,181.839
426,38.3237,51.387
106,27.366,35.3119
133,32.0069,100.007
143,40.4698,63.2052
483,27.1811,37.8216
176,23.9336,32.9913
368,21.4637,35.0514
150,27.3512,35.2375
209,35.4622,52.0568
115,143.441,190.081
478,31.0823,57.0362
291,23.2541,46.2622
46,282.396,541.012
25,43.9714,64.2096
60,38.1044,49.8243
282,26.3253,37.0592
393,41.1949,85.5609
257,27.0941,59.1037
346,29.7226,51.4144
373,28.5317,41.2326
80,37.5106,44.7445
212,31.7519,37.6167
303,23.2954,31.4379
336,52.3051,71.6843
128,45.4738,101.608
234,26.9136,36.1056
310,20.6388,26.8822
271,22.6205,42.1156
93,61.0563,72.9214
498,15.4897,21.9869
355,18.1348,22.9878
190,115.511,317.505
465,27.4621,57.3971
420,23.0304,37.1707
38,42.4373,52.9595
406,27.1657,64.8042
183,24.1088,32.9989
443,30.9509,49.8012
496,17.5142,27.4619
156,26.2448,39.3682
8,53.8718,59.9958
113,44.5487,62.1702
135,38.2161,56.6196
229,28.3858,44.1891
348,26.038,41.9947
485,28.4394,42.9203
170,29.4472,48.844
44,62.7845,73.7394
293,20.6577,29.4982
391,22.962,35.5223
62,79.2815,134.1
27,41.3119,51.68
419,27.2662,44.7244
334,21.0938,34.5812
210,42.787,71.695
82,36.5319,41.2931
371,28.4474,54.7529
149,40.0369,54.3317
255,35.9133,66.7065
357,43.5388,68.3102
362,40.4131,60.3862
273,23.7668,31.7144
312,22.3158,36.593
327,31.6981,49.3373
236,28.2997,39.0708
422,18.3285,34.7997
467,20.52,28.1428
192,70.3501,77.5861
59,40.31,58.0176
441,16.1718,25.0835
404,276.48,289.424
111,125.068,141.95
329,26.8891,44.8222
154,64.6123,106.219
248,27.8577,39.98
172,29.7197,44.7182
487,28.9804,52.3661
137,82.505,114.687
238,26.8394,50.1512
124,28.6307,34.9933
359,51.3299,78.4203
161,39.6393,61.1275
494,17.3521,30.9722
172,29.7197,44.7182
147,29.218,38.4074
137,82.505,114.687
102,160.127,168.564
29,126.044,203.739
422,18.3285,34.7997
417,24.0495,40.2145
467,20.52,28.1428
452,18.7716,32.7472
474,19.437,26.6519
181,40.8493,53.6038
431,23.9119,39.0937
225,24.3696,37.3687
139,29.8236,45.4222
301,27.7566,42.843
489,23.4013,38.4948
260,20.3723,28.8828
344,23.317,27.0305
246,62.6986,69.9881
273,23.7668,31.7144
91,100.797,118.953
362,40.4131,60.3862
203,24.3774,32.5538
236,28.2997,39.0708
4,74.4819,74.4819
327,31.6981,49.3373
34,37.1091,51.5622
382,18.281,31.3423
71,37.1207,49.6968
62,79.2815,134.1
280,23.5752,36.4068
469,18.7144,24.9754
57,51.2113,91.3485
27,41.3119,51.68
12,70.5629,73.0619
496,17.5142,27.4619
163,56.667,75.0258
156,26.2448,39.3682
126,74.7756,184.506
113,44.5487,62.1702
100,30.0261,45.7039
338,53.1769,72.4795
259,26.6567,47.931
145,29.2924,36.274
450,16.5412,26.1764
415,28.3932,42.9344
433,26.0558,42.5047
406,27.1657,64.8042
183,24.1088,32.9989
476,29.6401,47.7192
443,30.9509,49.8012
48,1211.48,1653.78
346,29.7226,51.4144
257,27.0941,59.1037
262,27.4904,42.2598
303,23.2954,31.4379
212,31.7519,37.6167
227,24.8331,35.9893
325,88.3028,141.51
6,154.118,249.393
201,80.213,128.862
360,18.2404,28.8802
93,61.0563,72.9214
244,35.9225,60.4247
158,30.6379,45.3249
73,198.295,761.035
380,18.8922,25.9736
46,282.396,541.012
36,637.28,655.556
408,26.4772,47.1979
10,150.976,187.383
55,91.4335,336.197
393,41.1949,85.5609
282,26.3253,37.0592
106,27.366,35.3119
143,40.4698,63.2052
88,32.5135,52.9025
483,27.1811,37.8216
490,20.5083,28.7295
165,24.5332,30.1538
279,69.1796,99.7993
120,202.833,233.585
318,18.2564,24.3608
435,25.7209,39.9228
185,27.4104,44.1259
299,21.2723,26.5666
470,24.6856,41.9327
456,24.3234,46.3649
196,25.8041,39.3975
68,53.8261,90.5891
413,29.24,64.2287
323,16.8683,24.1561
207,31.6331,72.1067
316,17.3237,21.3298
366,21.8779,38.4778
95,31.1618,52.6683
242,30.1223,37.4334
353,29.0589,42.8689
340,38.5514,58.4451
178,61.8837,76.7183
86,444.017,475.107
264,43.7616,95.4609
305,25.9878,40.1208
221,35.8693,59.2051
16,66.3977,91.8924
428,20.1482,36.4122
53,34.0105,44.3522
198,68.7414,96.3292
284,68.7718,83.2279
297,44.8133,73.0175
75,46.1239,76.8093
386,32.2074,61.4859
30,64.1538,73.1731
379,19.8355,27.3562
141,20.0399,36.6017
104,39.4622,55.0211
218,29.3234,39.9005
122,86.0245,93.498
167,33.6386,52.4379
492,26.9655,55.9677
472,21.6895,27.868
187,31.0712,42.7511
437,22.7333,30.0768
411,23.6241,34.2222
399,22.1393,35.6062
454,17.647,25.505
240,53.2628,76.3015
97,48.9215,70.9546
364,30.815,47.6636
119,41.5008,86.7032
205,30.9087,55.9114
321,22.7131,33.5532
332,24.1408,34.5657
223,88.4817,135.618
307,33.4392,53.9825
377,23.105,33.9717
266,96.9733,121.824
342,21.1353,32.426
286,26.7184,43.0585
51,58.9972,71.4003
14,116.195,174.323
32,53.0859,68.104
449,245.11,331.045
384,24.7935,52.3889
77,97.9507,150.65
32,53.0859,68.104
77,97.9507,150.65
384,24.7935,52.3889
449,245.11,331.045
51,58.9972,71.4003
286,26.7184,43.0585
14,116.195,174.323
307,33.4392,53.9825
223,88.4817,135.618
332,24.1408,34.5657
342,21.1353,32.426
266,96.9733,121.824
377,23.105,33.9717
364,30.815,47.6636
97,48.9215,70.9546
240,53.2628,76.3015
321,22.7131,33.5532
205,30.9087,55.9114
119,41.5008,86.7032
411,23.6241,34.2222
454,17.647,25.505
399,22.1393,35.6062
187,31.0712,42.7511
472,21.6895,27.868
437,22.7333,30.0768
122,86.0245,93.498
492,26.9655,55.9677
167,33.6386,52.4379
141,20.0399,36.6017
379,19.8355,27.3562
218,29.3234,39.9005
104,39.4622,55.0211
386,32.2074,61.4859
297,44.8133,73.0175
75,46.1239,76.8093
30,64.1538,73.1731
428,20.1482,36.4122
16,66.3977,91.8924
284,68.7718,83.2279
198,68.7414,96.3292
53,34.0105,44.3522
86,444.017,475.107
264,43.7616,95.4609
178,61.8837,76.7183
340,38.5514,58.4451
221,35.8693,59.2051
305,25.9878,40.1208
316,17.3237,21.3298
207,31.6331,72.1067
323,16.8683,24.1561
353,29.0589,42.8689
242,30.1223,37.4334
95,31.1618,52.6683
366,21.8779,38.4778
68,53.8261,90.5891
196,25.8041,39.3975
456,24.3234,46.3649
413,29.24,64.2287
435,25.7209,39.9228
470,24.6856,41.9327
299,21.2723,26.5666
185,27.4104,44.1259
279,69.1796,99.7993
165,24.5332,30.1538
490,20.5083,28.7295
318,18.2564,24.3608
120,202.833,233.585
106,27.366,35.3119
483,27.1811,37.8216
88,32.5135,52.9025
143,40.4698,63.2052
10,150.976,187.383
282,26.3253,37.0592
393,41.1949,85.5609
55,91.4335,336.197
46,282.396,541.012
380,18.8922,25.9736
73,198.295,761.035
408,26.4772,47.1979
36,637.28,655.556
201,80.213,128.862
6,154.118,249.393
325,88.3028,141.51
158,30.6379,45.3249
244,35.9225,60.4247
93,61.0563,72.9214
360,18.2404,28.8802
262,27.4904,42.2598
257,27.0941,59.1037
346,29.7226,51.4144
227,24.8331,35.9893
212,31.7519,37.6167
303,23.2954,31.4379
406,27.1657,64.8042
433,26.0558,42.5047
48,1211.48,1653.78
443,30.9509,49.8012
476,29.6401,47.7192
183,24.1088,32.9989
450,16.5412,26.1764
415,28.3932,42.9344
338,53.1769,72.4795
100,30.0261,45.7039
145,29.2924,36.274
259,26.6567,47.931
156,26.2448,39.3682
163,56.667,75.0258
496,17.5142,27.4619
113,44.5487,62.1702
126,74.7756,184.506
57,51.2113,91.3485
469,18.7144,24.9754
62,79.2815,134.1
280,23.5752,36.4068
12,70.5629,73.0619
27,41.3119,51.68
34,37.1091,51.5622
71,37.1207,49.6968
382,18.281,31.3423
362,40.4131,60.3862
273,23.7668,31.7144
91,100.797,118.953
246,62.6986,69.9881
327,31.6981,49.3373
4,74.4819,74.4819
236,28.2997,39.0708
203,24.3774,32.5538
301,27.7566,42.843
139,29.8236,45.4222
225,24.3696,37.3687
344,23.317,27.0305
260,20.3723,28.8828
489,23.4013,38.4948
181,40.8493,53.6038
474,19.437,26.6519
431,23.9119,39.0937
417,24.0495,40.2145
422,18.3285,34.7997
29,126.044,203.739
452,18.7716,32.7472
467,20.52,28.1428
147,29.218,38.4074
172,29.7197,44.7182
102,160.127,168.564
137,82.505,114.687
124,28.6307,34.9933
238,26.8394,50.1512
494,17.3521,30.9722
161,39.6393,61.1275
359,51.3299,78.4203
102,160.127,168.564
147,29.218,38.4074
359,51.3299,78.4203
154,64.6123,106.219
161,39.6393,61.1275
494,17.3521,30.9722
111,125.068,141.95
124,28.6307,34.9933
238,26.8394,50.1512
329,26.8891,44.8222
404,276.48,289.424
431,23.9119,39.0937
441,16.1718,25.0835
474,19.437,26.6519
181,40.8493,53.6038
452,18.7716,32.7472
29,126.044,203.739
417,24.0495,40.2145
203,24.3774,32.5538
4,74.4819,74.4819
327,31.6981,49.3373
246,62.6986,69.9881
91,100.797,118.953
362,40.4131,60.3862
489,23.4013,38.4948
260,20.3723,28.8828
255,35.9133,66.7065
344,23.317,27.0305
139,29.8236,45.4222
225,24.3696,37.3687
210,42.787,71.695
301,27.7566,42.843
12,70.5629,73.0619
280,23.5752,36.4068
391,22.962,35.5223
469,18.7144,24.9754
57,51.2113,91.3485
44,62.7845,73.7394
382,18.281,31.3423
71,37.1207,49.6968
34,37.1091,51.5622
348,26.038,41.9947
145,29.2924,36.274
259,26.6567,47.931
170,29.4472,48.844
100,30.0261,45.7039
135,38.2161,56.6196
338,53.1769,72.4795
126,74.7756,184.506
496,17.5142,27.4619
163,56.667,75.0258
183,24.1088,32.9989
476,29.6401,47.7192
48,1211.48,1653.78
433,26.0558,42.5047
415,28.3932,42.9344
420,23.0304,37.1707
450,16.5412,26.1764
465,27.4621,57.3971
498,15.4897,21.9869
360,18.2404,28.8802
271,22.6205,42.1156
93,61.0563,72.9214
158,30.6379,45.3249
244,35.9225,60.4247
325,88.3028,141.51
234,26.9136,36.1056
6,154.118,249.393
201,80.213,128.862
303,23.2954,31.4379
227,24.8331,35.9893
346,29.7226,51.4144
262,27.4904,42.2598
55,91.4335,336.197
60,38.1044,49.8243
282,26.3253,37.0592
10,150.976,187.383
25,43.9714,64.2096
36,637.28,655.556
408,26.4772,47.1979
73,198.295,761.035
380,18.8922,25.9736
120,202.833,233.585
209,35.4622,52.0568
318,18.2564,24.3608
490,20.5083,28.7295
279,69.1796,99.7993
165,24.5332,30.1538
143,40.4698,63.2052
88,32.5135,52.9025
106,27.366,35.3119
18,160.653,181.839
413,29.24,64.2287
456,24.3234,46.3649
68,53.8261,90.5891
299,21.2723,26.5666
185,27.4104,44.1259
388,18.6259,25.4411
470,24.6856,41.9327
435,25.7209,39.9228
305,25.9878,40.1208
108,28.1104,37.0682
221,35.8693,59.2051
330,27.5162,35.9905
340,38.5514,58.4451
264,43.7616,95.4609
178,61.8837,76.7183
375,35.7977,128.727
366,21.8779,38.4778
95,31.1618,52.6683
242,30.1223,37.4334
323,16.8683,24.1561
207,31.6331,72.1067
30,64.1538,73.1731
75,46.1239,76.8093
386,32.2074,61.4859
53,34.0105,44.3522
458,25.157,45.1955
284,68.7718,83.2279
198,68.7414,96.3292
16,66.3977,91.8924
428,20.1482,36.4122
167,33.6386,52.4379
492,26.9655,55.9677
122,86.0245,93.498
218,29.3234,39.9005
104,39.4622,55.0211
481,67.2786,100.048
379,19.8355,27.3562
268,20.6158,30.8801
141,20.0399,36.6017
194,32.5755,71.0668
399,22.1393,35.6062
454,17.647,25.505
411,23.6241,34.2222
437,22.7333,30.0768
472,21.6895,27.868
187,31.0712,42.7511
79,32.7284,43.3286
84,43.1094,64.038
266,96.9733,121.824
342,21.1353,32.426
223,88.4817,135.618
307,33.4392,53.9825
314,48.9902,72.2973
205,30.9087,55.9114
119,41.5008,86.7032
321,22.7131,33.5532
351,26.3209,38.0604
240,53.2628,76.3015
169,35.5001,73.8713
97,48.9215,70.9546
364,30.815,47.6636
449,245.11,331.045
384,24.7935,52.3889
295,23.5777,29.9056
77,97.9507,150.65
439,19.3812,33.2434
32,53.0859,68.104
14,116.195,174.323
286,26.7184,43.0585
51,58.9972,71.4003
14,116.195,174.323
51,58.9972,71.4003
286,26.7184,43.0585
295,23.5777,29.9056
77,97.9507,150.65
384,24.7935,52.3889
449,245.11,331.045
32,53.0859,68.104
439,19.3812,33.2434
321,22.7131,33.5532
119,41.5008,86.7032
205,30.9087,55.9114
314,48.9902,72.2973
364,30.815,47.6636
97,48.9215,70.9546
169,35.5001,73.8713
240,53.2628,76.3015
351,26.3209,38.0604
342,21.1353,32.426
84,43.1094,64.038
266,96.9733,121.824
307,33.4392,53.9825
223,88.4817,135.618
437,22.7333,30.0768
79,32.7284,43.3286
187,31.0712,42.7511
472,21.6895,27.868
454,17.647,25.505
399,22.1393,35.6062
194,32.5755,71.0668
411,23.6241,34.2222
104,39.4622,55.0211
218,29.3234,39.9005
141,20.0399,36.6017
268,20.6158,30.8801
379,19.8355,27.3562
481,67.2786,100.048
492,26.9655,55.9677
167,33.6386,52.4379
122,86.0245,93.498
198,68.7414,96.3292
284,68.7718,83.2279
458,25.157,45.1955
53,34.0105,44.3522
428,20.1482,36.4122
16,66.3977,91.8924
30,64.1538,73.1731
386,32.2074,61.4859
75,46.1239,76.8093
242,30.1223,37.4334
95,31.1618,52.6683
366,21.8779,38.4778
207,31.6331,72.1067
323,16.8683,24.1561
330,27.5162,35.9905
221,35.8693,59.2051
108,28.1104,37.0682
305,25.9878,40.1208
375,35.7977,128.727
178,61.8837,76.7183
264,43.7616,95.4609
340,38.5514,58.4451
470,24.6856,41.9327
388,18.6259,25.4411
185,27.4104,44.1259
299,21.2723,26.5666
435,25.7209,39.9228
413,29.24,64.2287
18,160.653,181.839
68,53.8261,90.5891
456,24.3234,46.3649
88,32.5135,52.9025
143,40.4698,63.2052
106,27.366,35.3119
318,18.2564,24.3608
209,35.4622,52.0568
120,202.833,233.585
165,24.5332,30.1538
279,69.1796,99.7993
490,20.5083,28.7295
408,26.4772,47.1979
36,637.28,655.556
380,18.8922,25.9736
73,198.295,761.035
60,38.1044,49.8243
282,26.3253,37.0592
55,91.4335,336.197
25,43.9714,64.2096
10,150.976,187.383
227,24.8331,35.9893
303,23.2954,31.4379
262,27.4904,42.2598
346,29.7226,51.4144
244,35.9225,60.4247
158,30.6379,45.3249
271,22.6205,42.1156
93,61.0563,72.9214
360,18.2404,28.8802
498,15.4897,21.9869
201,80.213,128.862
6,154.118,249.393
234,26.9136,36.1056
325,88.3028,141.51
420,23.0304,37.1707
415,28.3932,42.9344
465,27.4621,57.3971
450,16.5412,26.1764
48,1211.48,1653.78
476,29.6401,47.7192
183,24.1088,32.9989
433,26.0558,42.5047
126,74.7756,184.506
163,56.667,75.0258
496,17.5142,27.4619
170,29.4472,48.844
259,26.6567,47.931
145,29.2924,36.274
348,26.038,41.9947
338,53.1769,72.4795
135,38.2161,56.6196
100,30.0261,45.7039
71,37.1207,49.6968
382,18.281,31.3423
44,62.7845,73.7394
34,37.1091,51.5622
12,70.5629,73.0619
57,51.2113,91.3485
469,18.7144,24.9754
391,22.962,35.5223
280,23.5752,36.4068
344,23.317,27.0305
255,35.9133,66.7065
260,20.3723,28.8828
489,23.4013,38.4948
301,27.7566,42.843
210,42.787,71.695
225,24.3696,37.3687
139,29.8236,45.4222
327,31.6981,49.3373
4,74.4819,74.4819
203,24.3774,32.5538
362,40.4131,60.3862
91,100.797,118.953
246,62.6986,69.9881
452,18.7716,32.7472
417,24.0495,40.2145
29,126.044,203.739
431,23.9119,39.0937
404,276.48,289.424
181,40.8493,53.6038
474,19.437,26.6519
441,16.1718,25.0835
494,17.3521,30.9722
161,39.6393,61.1275
154,64.6123,106.219
359,51.3299,78.4203
329,26.8891,44.8222
238,26.8394,50.1512
124,28.6307,34.9933
111,125.068,141.95
102,160.127,168.564
147,29.218,38.4074
474,19.437,26.6519
181,40.8493,53.6038
431,23.9119,39.0937
29,126.044,203.739
417,24.0495,40.2145
452,18.7716,32.7472
59,40.31,58.0176
147,29.218,38.4074
102,160.127,168.564
124,28.6307,34.9933
238,26.8394,50.1512
359,51.3299,78.4203
248,27.8577,39.98
161,39.6393,61.1275
494,17.3521,30.9722
280,23.5752,36.4068
469,18.7144,24.9754
57,51.2113,91.3485
419,27.2662,44.7244
12,70.5629,73.0619
34,37.1091,51.5622
382,18.281,31.3423
71,37.1207,49.6968
246,62.6986,69.9881
91,100.797,118.953
362,40.4131,60.3862
203,24.3774,32.5538
4,74.4819,74.4819
327,31.6981,49.3373
334,21.0938,34.5812
139,29.8236,45.4222
225,24.3696,37.3687
301,27.7566,42.843
371,28.4474,54.7529
489,23.4013,38.4948
260,20.3723,28.8828
149,40.0369,54.3317
344,23.317,27.0305
38,42.4373,52.9595
433,26.0558,42.5047
183,24.1088,32.9989
476,29.6401,47.7192
48,1211.48,1653.78
450,16.5412,26.1764
190,115.511,317.505
415,28.3932,42.9344
100,30.0261,45.7039
229,28.3858,44.1891
338,53.1769,72.4795
145,29.2924,36.274
259,26.6567,47.931
485,28.4394,42.9203
496,17.5142,27.4619
163,56.667,75.0258
126,74.7756,184.506
8,53.8718,59.9958
10,150.976,187.383
55,91.4335,336.197
282,26.3253,37.0592
291,23.2541,46.2622
73,198.295,761.035
478,31.0823,57.0362
380,18.8922,25.9736
36,637.28,655.556
408,26.4772,47.1979
325,88.3028,141.51
128,45.4738,101.608
6,154.118,249.393
201,80.213,128.862
310,20.6388,26.8822
360,18.2404,28.8802
93,61.0563,72.9214
158,30.6379,45.3249
244,35.9225,60.4247
355,18.1348,22.9878
346,29.7226,51.4144
80,37.5106,44.7445
262,27.4904,42.2598
303,23.2954,31.4379
227,24.8331,35.9893
456,24.3234,46.3649
68,53.8261,90.5891
413,29.24,64.2287
435,25.7209,39.9228
400,20.4973,35.9735
299,21.2723,26.5666
185,27.4104,44.1259
470,24.6856,41.9327
445,32.949,69.9837
368,21.4637,35.0514
490,20.5083,28.7295
279,69.1796,99.7993
165,24.5332,30.1538
150,27.3512,35.2375
120,202.833,233.585
115,143.441,190.081
318,18.2564,24.3608
106,27.366,35.3119
143,40.4698,63.2052
88,32.5135,52.9025
75,46.1239,76.8093
386,32.2074,61.4859
40,75.4765,94.8885
30,64.1538,73.1731
16,66.3977,91.8924
428,20.1482,36.4122
53,34.0105,44.3522
395,16.7567,21.6777
284,68.7718,83.2279
198,68.7414,96.3292
340,38.5514,58.4451
251,20.0649,25.834
264,43.7616,95.4609
178,61.8837,76.7183
305,25.9878,40.1208
214,27.4033,48.2545
221,35.8693,59.2051
323,16.8683,24.1561
207,31.6331,72.1067
366,21.8779,38.4778
95,31.1618,52.6683
242,30.1223,37.4334
424,24.3831,36.4049
411,23.6241,34.2222
288,31.4636,52.1253
461,15.5237,23.9032
399,22.1393,35.6062
454,17.647,25.505
472,21.6895,27.868
187,31.0712,42.7511
437,22.7333,30.0768
122,86.0245,93.498
167,33.6386,52.4379
99,59.4058,82.4586
492,26.9655,55.9677
379,19.8355,27.3562
174,46.6201,65.2978
141,20.0399,36.6017
131,36.9615,60.897
218,29.3234,39.9005
104,39.4622,55.0211
309,22.9404,34.6616
32,53.0859,68.104
449,245.11,331.045
384,24.7935,52.3889
189,31.4706,48.7626
77,97.9507,150.65
64,38.7857,50.6293
286,26.7184,43.0585
51,58.9972,71.4003
21,55.9436,66.7928
14,116.195,174.323
223,88.4817,135.618
307,33.4392,53.9825
266,96.9733,121.824
342,21.1353,32.426
240,53.2628,76.3015
275,18.4201,28.8883
97,48.9215,70.9546
364,30.815,47.6636
205,30.9087,55.9114
119,41.5008,86.7032
230,26.5518,41.2854
321,22.7131,33.5532
364,30.815,47.6636
275,18.4201,28.8883
97,48.9215,70.9546
240,53.2628,76.3015
321,22.7131,33.5532
230,26.5518,41.2854
119,41.5008,86.7032
205,30.9087,55.9114
307,33.4392,53.9825
223,88.4817,135.618
342,21.1353,32.426
266,96.9733,121.824
51,58.9972,71.4003
64,38.7857,50.6293
286,26.7184,43.0585
14,116.195,174.323
21,55.9436,66.7928
32,53.0859,68.104
77,97.9507,150.65
189,31.4706,48.7626
384,24.7935,52.3889
449,245.11,331.045
141,20.0399,36.6017
174,46.6201,65.2978
379,19.8355,27.3562
309,22.9404,34.6616
104,39.4622,55.0211
218,29.3234,39.9005
131,36.9615,60.897
122,86.0245,93.498
492,26.9655,55.9677
99,59.4058,82.4586
167,33.6386,52.4379
187,31.0712,42.7511
472,21.6895,27.868
437,22.7333,30.0768
411,23.6241,34.2222
424,24.3831,36.4049
454,17.647,25.505
399,22.1393,35.6062
461,15.5237,23.9032
288,31.4636,52.1253
207,31.6331,72.1067
323,16.8683,24.1561
242,30.1223,37.4334
95,31.1618,52.6683
366,21.8779,38.4778
178,61.8837,76.7183
264,43.7616,95.4609
251,20.0649,25.834
340,38.5514,58.4451
221,35.8693,59.2051
214,27.4033,48.2545
305,25.9878,40.1208
428,20.1482,36.4122
16,66.3977,91.8924
198,68.7414,96.3292
284,68.7718,83.2279
395,16.7567,21.6777
53,34.0105,44.3522
40,75.4765,94.8885
386,32.2074,61.4859
75,46.1239,76.8093
30,64.1538,73.1731
106,27.366,35.3119
88,32.5135,52.9025
143,40.4698,63.2052
150,27.3512,35.2375
165,24.5332,30.1538
279,69.1796,99.7993
490,20.5083,28.7295
368,21.4637,35.0514
318,18.2564,24.3608
115,143.441,190.081
120,202.833,233.585
400,20.4973,35.9735
435,25.7209,39.9228
445,32.949,69.9837
470,24.6856,41.9327
185,27.4104,44.1259
299,21.2723,26.5666
68,53.8261,90.5891
456,24.3234,46.3649
413,29.24,64.2287
80,37.5106,44.7445
262,27.4904,42.2598
346,29.7226,51.4144
227,24.8331,35.9893
303,23.2954,31.4379
310,20.6388,26.8822
201,80.213,128.862
128,45.4738,101.608
6,154.118,249.393
325,88.3028,141.51
355,18.1348,22.9878
244,35.9225,60.4247
158,30.6379,45.3249
93,61.0563,72.9214
360,18.2404,28.8802
380,18.8922,25.9736
478,31.0823,57.0362
291,23.2541,46.2622
73,198.295,761.035
408,26.4772,47.1979
36,637.28,655.556
10,150.976,187.383
282,26.3253,37.0592
55,91.4335,336.197
163,56.667,75.0258
496,17.5142,27.4619
126,74.7756,184.506
8,53.8718,59.9958
338,53.1769,72.4795
229,28.3858,44.1891
100,30.0261,45.7039
485,28.4394,42.9203
259,26.6567,47.931
145,29.2924,36.274
190,115.511,317.505
450,16.5412,26.1764
415,28.3932,42.9344
433,26.0558,42.5047
38,42.4373,52.9595
48,1211.48,1653.78
476,29.6401,47.7192
183,24.1088,32.9989
301,27.7566,42.843
225,24.3696,37.3687
139,29.8236,45.4222
334,21.0938,34.5812
344,23.317,27.0305
149,40.0369,54.3317
260,20.3723,28.8828
489,23.4013,38.4948
371,28.4474,54.7529
362,40.4131,60.3862
91,100.797,118.953
246,62.6986,69.9881
327,31.6981,49.3373
4,74.4819,74.4819
203,24.3774,32.5538
34,37.1091,51.5622
71,37.1207,49.6968
382,18.281,31.3423
57,51.2113,91.3485
469,18.7144,24.9754
280,23.5752,36.4068
12,70.5629,73.0619
419,27.2662,44.7244
238,26.8394,50.1512
124,28.6307,34.9933
494,17.3521,30.9722
161,39.6393,61.1275
248,27.8577,39.98
359,51.3299,78.4203
147,29.218,38.4074
102,160.127,168.564
417,24.0495,40.2145
29,126.044,203.739
59,40.31,58.0176
452,18.7716,32.7472
181,40.8493,53.6038
474,19.437,26.6519
431,23.9119,39.0937
192,70.3501,77.5861
452,18.7716,32.7472
29,126.044,203.739
417,24.0495,40.2145
431,23.9119,39.0937
474,19.437,26.6519
181,40.8493,53.6038
359,51.3299,78.4203
161,39.6393,61.1275
494,17.3521,30.9722
238,26.8394,50.1512
124,28.6307,34.9933
102,160.127,168.564
487,28.9804,52.3661
147,29.218,38.4074
382,18.281,31.3423
293,20.6577,29.4982
71,37.1207,49.6968
34,37.1091,51.5622
12,70.5629,73.0619
280,23.5752,36.4068
469,18.7144,24.9754
57,51.2113,91.3485
489,23.4013,38.4948
82,36.5319,41.2931
260,20.3723,28.8828
344,23.317,27.0305
225,24.3696,37.3687
139,29.8236,45.4222
301,27.7566,42.843
312,22.3158,36.593
203,24.3774,32.5538
4,74.4819,74.4819
327,31.6981,49.3373
357,43.5388,68.3102
246,62.6986,69.9881
91,100.797,118.953
362,40.4131,60.3862
415,28.3932,42.9344
450,16.5412,26.1764
183,24.1088,32.9989
476,29.6401,47.7192
48,1211.48,1653.78
433,26.0558,42.5047
126,74.7756,184.506
496,17.5142,27.4619
163,56.667,75.0258
259,26.6567,47.931
145,29.2924,36.274
100,30.0261,45.7039
338,53.1769,72.4795
36,637.28,655.556
408,26.4772,47.1979
73,198.295,761.035
380,18.8922,25.9736
55,91.4335,336.197
282,26.3253,37.0592
10,150.976,187.383
303,23.2954,31.4379
227,24.8331,35.9893
336,52.3051,71.6843
346,29.7226,51.4144
262,27.4904,42.2598
373,28.5317,41.2326
360,18.2404,28.8802
93,61.0563,72.9214
244,35.9225,60.4247
158,30.6379,45.3249
325,88.3028,141.51
6,154.118,249.393
201,80.213,128.862
185,27.4104,44.1259
299,21.2723,26.5666
470,24.6856,41.9327
435,25.7209,39.9228
413,29.24,64.2287
426,38.3237,51.387
456,24.3234,46.3649
463,19.0642,29.0326
68,53.8261,90.5891
143,40.4698,63.2052
176,23.9336,32.9913
88,32.5135,52.9025
106,27.366,35.3119
133,32.0069,100.007
120,202.833,233.585
318,18.2564,24.3608
490,20.5083,28.7295
165,24.5332,30.1538
279,69.1796,99.7993
53,34.0105,44.3522
198,68.7414,96.3292
66,45.1116,54.0686
284,68.7718,83.2279
16,66.3977,91.8924
428,20.1482,36.4122
23,85.7961,91.3712
30,64.1538,73.1731
75,46.1239,76.8093
386,32.2074,61.4859
366,21.8779,38.4778
277,28.8923,42.3788
95,31.1618,52.6683
242,30.1223,37.4334
323,16.8683,24.1561
232,32.9245,50.1544
207,31.6331,72.1067
305,25.9878,40.1208
221,35.8693,59.2051
340,38.5514,58.4451
178,61.8837,76.7183
264,43.7616,95.4609
402,21.3974,38.0482
437,22.7333,30.0768
447,29.3777,49.8889
472,21.6895,27.868
187,31.0712,42.7511
399,22.1393,35.6062
454,17.647,25.505
411,23.6241,34.2222
104,39.4622,55.0211
218,29.3234,39.9005
379,19.8355,27.3562
141,20.0399,36.6017
152,54.7752,63.7473
167,33.6386,52.4379
492,26.9655,55.9677
117,56.4326,85.1496
122,86.0245,93.498
14,116.195,174.323
286,26.7184,43.0585
397,31.0248,53.6862
51,58.9972,71.4003
42,45.4042,74.5419
449,245.11,331.045
384,24.7935,52.3889
77,97.9507,150.65
32,53.0859,68.104
119,41.5008,86.7032
205,30.9087,55.9114
321,22.7131,33.5532
240,53.2628,76.3015
97,48.9215,70.9546
364,30.815,47.6636
266,96.9733,121.824
253,62.578,99.843
342,21.1353,32.426
223,88.4817,135.618
216,27.8021,38.0051
307,33.4392,53.9825
342,21.1353,32.426
253,62.578,99.843
266,96.9733,121.824
307,33.4392,53.9825
216,27.8021,38.0051
223,88.4817,135.618
321,22.7131,33.5532
205,30.9087,55.9114
119,41.5008,86.7032
364,30.815,47.6636
97,48.9215,70.9546
240,53.2628,76.3015
77,97.9507,150.65
384,24.7935,52.3889
449,245.11,331.045
42,45.4042,74.5419
32,53.0859,68.104
14,116.195,174.323
51,58.9972,71.4003
397,31.0248,53.6862
286,26.7184,43.0585
492,26.9655,55.9677
167,33.6386,52.4379
152,54.7752,63.7473
122,86.0245,93.498
117,56.4326,85.1496
218,29.3234,39.9005
104,39.4622,55.0211
141,20.0399,36.6017
379,19.8355,27.3562
454,17.647,25.505
399,22.1393,35.6062
411,23.6241,34.2222
437,22.7333,30.0768
402,21.3974,38.0482
187,31.0712,42.7511
472,21.6895,27.868
447,29.3777,49.8889
221,35.8693,59.2051
305,25.9878,40.1208
264,43.7616,95.4609
178,61.8837,76.7183
340,38.5514,58.4451
242,30.1223,37.4334
277,28.8923,42.3788
95,31.1618,52.6683
366,21.8779,38.4778
207,31.6331,72.1067
232,32.9245,50.1544
323,16.8683,24.1561
30,64.1538,73.1731
386,32.2074,61.4859
75,46.1239,76.8093
66,45.1116,54.0686
284,68.7718,83.2279
198,68.7414,96.3292
53,34.0105,44.3522
23,85.7961,91.3712
428,20.1482,36.4122
16,66.3977,91.8924
318,18.2564,24.3608
120,202.833,233.585
279,69.1796,99.7993
165,24.5332,30.1538
490,20.5083,28.7295
88,32.5135,52.9025
176,23.9336,32.9913
143,40.4698,63.2052
133,32.0069,100.007
106,27.366,35.3119
426,38.3237,51.387
413,29.24,64.2287
68,53.8261,90.5891
463,19.0642,29.0326
456,24.3234,46.3649
470,24.6856,41.9327
299,21.2723,26.5666
185,27.4104,44.1259
435,25.7209,39.9228
158,30.6379,45.3249
244,35.9225,60.4247
93,61.0563,72.9214
360,18.2404,28.8802
201,80.213,128.862
6,154.118,249.393
325,88.3028,141.51
336,52.3051,71.6843
227,24.8331,35.9893
303,23.2954,31.4379
373,28.5317,41.2326
262,27.4904,42.2598
346,29.7226,51.4144
282,26.3253,37.0592
55,91.4335,336.197
10,150.976,187.383
408,26.4772,47.1979
36,637.28,655.556
380,18.8922,25.9736
73,198.295,761.035
145,29.2924,36.274
259,26.6567,47.931
338,53.1769,72.4795
100,30.0261,45.7039
126,74.7756,184.506
163,56.667,75.0258
496,17.5142,27.4619
48,1211.48,1653.78
476,29.6401,47.7192
183,24.1088,32.9989
433,26.0558,42.5047
415,28.3932,42.9344
450,16.5412,26.1764
327,31.6981,49.3373
4,74.4819,74.4819
203,24.3774,32.5538
312,22.3158,36.593
362,40.4131,60.3862
91,100.797,118.953
246,62.6986,69.9881
357,43.5388,68.3102
344,23.317,27.0305
82,36.5319,41.2931
260,20.3723,28.8828
489,23.4013,38.4948
301,27.7566,42.843
139,29.8236,45.4222
225,24.3696,37.3687
12,70.5629,73.0619
57,51.2113,91.3485
469,18.7144,24.9754
280,23.5752,36.4068
293,20.6577,29.4982
71,37.1207,49.6968
382,18.281,31.3423
34,37.1091,51.5622
102,160.127,168.564
147,29.218,38.4074
487,28.9804,52.3661
494,17.3521,30.9722
161,39.6393,61.1275
359,51.3299,78.4203
124,28.6307,34.9933
238,26.8394,50.1512
431,23.9119,39.0937
181,40.8493,53.6038
474,19.437,26.6519
452,18.7716,32.7472
192,70.3501,77.5861
417,24.0495,40.2145
29,126.044,203.739
123,175.938,759.804
493,23.2963,39.1609
166,44.2545,57.0706
269,50.9915,93.0247
378,44.7486,53.108
480,25.6758,49.6922
140,41.5317,56.42
219,303.659,768.21
105,56.8587,65.1573
410,18.173,33.486
398,37.8429,89.5792
195,38.6078,51.2229
455,17.9156,27.2117
186,48.8151,132.575
78,43.0615,53.2163
473,19.759,25.1356
436,20.9966,70.0677
222,32.4642,53.7865
306,38.4174,60.3631
85,57.6127,61.757
267,30.1428,46.1689
343,52.2029,92.2723
241,47.8042,112.282
350,27.9884,39.4317
365,33.9162,49.2493
168,24.6285,38.2445
96,79.9133,153.9
204,46.9741,59.0217
118,29.135,44.7618
315,33.8764,71.0336
320,26.8545,38.4396
3,92.1608,107.61
33,24.4276,24.4456
438,35.438,93.963
448,29.2668,55.9809
294,33.6985,51.4052
76,32.1246,39.4187
385,20.6862,37.9154
287,45.2387,88.6847
50,35.0739,52.2287
15,46.434,47.2364
278,25.6744,38.8335
164,86.3844,130.146
491,15.9109,22.0898
121,23.0231,26.1288
319,27.6472,39.7273
208,60.0205,109.482
107,42.2504,61.9626
142,43.549,132.999
89,34.3371,43.6514
457,25.4247,48.5883
69,46.2232,102.162
412,15.5155,19.8983
19,169.415,181.437
434,681.545,766.292
471,30.7915,58.4285
389,23.0105,61.2697
298,22.0797,35.7693
184,56.0867,157.319
341,26.1449,35.879
374,21.7426,36.7439
265,52.0714,78.9102
179,25.3009,31.4496
109,47.0995,73.3427
304,4630.79,4777.72
331,34.2654,58.6246
220,22.4891,31.6197
322,24.9893,47.5136
206,42.0829,63.519
94,40.6596,48.1368
367,19.4614,35.1597
243,23.3791,38.5645
387,24.6572,71.1054
74,34.71,56.1311
31,122.464,291.809
17,27.1014,30.5939
429,39.2933,67.3823
459,20.2271,32.541
52,61.457,86.2421
285,51.5997,161.994
199,26.2627,36.7769
101,25.9367,34.0536
339,19.8221,30.4134
134,24.9317,34.4477
144,23.1475,32.4111
258,23.4262,44.9572
349,50.6164,125.863
171,28.0598,36.4838
162,198.659,220.159
497,57.3657,140.234
127,54.3043,59.6718
432,28.9145,35.724
477,644.468,874.459
182,34.272,51.1397
49,115.504,323.996
451,51.9671,123.417
464,53.6685,81.111
414,37.9426,51.5502
421,36.4547,55.9946
235,30.874,55.22
7,102.189,108.338
324,80.3545,95.6654
200,25.698,31.4512
270,29.0141,62.5321
92,44.1181,57.4358
361,145.223,307.961
159,86.6946,127.497
245,164.543,252.018
347,22.2373,83.2441
263,25.515,43.6274
302,18.9828,29.6639
226,48.027,59.8309
11,52.8348,54.563
24,68.0094,92.534
54,59.8858,88.6581
61,169.985,171.979
283,231.998,332.151
381,26.1815,56.1207
72,51.0689,63.4334
37,69.0661,99.7074
409,22.7484,28.991
146,38.4314,49.1599
103,30.3613,40.844
110,32.5433,43.22
328,19.1639,29.5294
125,34.6491,52.644
239,18.4288,27.9697
155,48.8666,59.4224
358,25.2858,34.4564
495,36.9859,47.0541
160,37.3938,61.2614
440,29.8978,60.9024
180,26.9948,35.5278
475,113.451,170.383
405,55.1746,124.933
430,61.3828,94.6315
28,87.1785,145.235
416,13.9162,18.8468
453,109.578,176.405
247,20.5184,31.8658
363,21.2941,30.6534
90,44.5853,63.6856
202,28.265,51.0067
326,66.6278,91.3634
5,160.604,160.604
138,36.1439,55.8195
224,17.4978,22.0842
300,49.4337,98.8584
211,26.4552,42.3936
261,37.6893,65.0778
488,14.3407,18.5711
345,25.3768,49.6413
254,69.2611,108.27
468,29.0382,58.7564
390,28.6505,39.018
281,40.4241,65.2217
56,67.525,105.57
13,140.374,147.904
35,68.0403,94.7928
45,81.6377,110.948
70,213.88,525.529
383,28.6179,66.5784
35,68.0403,94.7928
383,28.6179,66.5784
70,213.88,525.529
45,81.6377,110.948
56,67.525,105.57
281,40.4241,65.2217
390,28.6505,39.018
468,29.0382,58.7564
13,140.374,147.904
211,26.4552,42.3936
300,49.4337,98.8584
224,17.4978,22.0842
138,36.1439,55.8195
254,69.2611,108.27
345,25.3768,49.6413
488,14.3407,18.5711
261,37.6893,65.0778
90,44.5853,63.6856
363,21.2941,30.6534
247,20.5184,31.8658
5,160.604,160.604
326,66.6278,91.3634
202,28.265,51.0067
416,13.9162,18.8468
28,87.1785,145.235
453,109.578,176.405
475,113.451,170.383
180,26.9948,35.5278
440,29.8978,60.9024
430,61.3828,94.6315
405,55.1746,124.933
239,18.4288,27.9697
125,34.6491,52.644
328,19.1639,29.5294
110,32.5433,43.22
160,37.3938,61.2614
495,36.9859,47.0541
358,25.2858,34.4564
155,48.8666,59.4224
146,38.4314,49.1599
103,30.3613,40.844
72,51.0689,63.4334
381,26.1815,56.1207
409,22.7484,28.991
37,69.0661,99.7074
24,68.0094,92.534
11,52.8348,54.563
61,169.985,171.979
283,231.998,332.151
54,59.8858,88.6581
263,25.515,43.6274
347,22.2373,83.2441
226,48.027,59.8309
302,18.9828,29.6639
200,25.698,31.4512
324,80.3545,95.6654
7,102.189,108.338
235,30.874,55.22
245,164.543,252.018
159,86.6946,127.497
361,145.223,307.961
270,29.0141,62.5321
92,44.1181,57.4358
464,53.6685,81.111
451,51.9671,123.417
421,36.4547,55.9946
414,37.9426,51.5502
432,28.9145,35.724
49,115.504,323.996
182,34.272,51.1397
477,644.468,874.459
497,57.3657,140.234
162,198.659,220.159
127,54.3043,59.6718
134,24.9317,34.4477
339,19.8221,30.4134
101,25.9367,34.0536
171,28.0598,36.4838
349,50.6164,125.863
258,23.4262,44.9572
144,23.1475,32.4111
429,39.2933,67.3823
17,27.1014,30.5939
199,26.2627,36.7769
285,51.5997,161.994
52,61.457,86.2421
459,20.2271,32.541
74,34.71,56.1311
387,24.6572,71.1054
31,122.464,291.809
206,42.0829,63.519
322,24.9893,47.5136
243,23.3791,38.5645
367,19.4614,35.1597
94,40.6596,48.1368
179,25.3009,31.4496
265,52.0714,78.9102
374,21.7426,36.7439
341,26.1449,35.879
220,22.4891,31.6197
331,34.2654,58.6246
304,4630.79,4777.72
109,47.0995,73.3427
434,681.545,766.292
184,56.0867,157.319
298,22.0797,35.7693
389,23.0105,61.2697
471,30.7915,58.4285
69,46.2232,102.162
457,25.4247,48.5883
19,169.415,181.437
412,15.5155,19.8983
107,42.2504,61.9626
89,34.3371,43.6514
142,43.549,132.999
491,15.9109,22.0898
164,86.3844,130.146
278,25.6744,38.8335
208,60.0205,109.482
319,27.6472,39.7273
121,23.0231,26.1288
50,35.0739,52.2287
287,45.2387,88.6847
15,46.434,47.2364
438,35.438,93.963
33,24.4276,24.4456
385,20.6862,37.9154
294,33.6985,51.4052
76,32.1246,39.4187
448,29.2668,55.9809
96,79.9133,153.9
168,24.6285,38.2445
365,33.9162,49.2493
350,27.9884,39.4317
241,47.8042,112.282
3,92.1608,107.61
320,26.8545,38.4396
315,33.8764,71.0336
118,29.135,44.7618
204,46.9741,59.0217
306,38.4174,60.3631
222,32.4642,53.7865
343,52.2029,92.2723
85,57.6127,61.757
267,30.1428,46.1689
473,19.759,25.1356
78,43.0615,53.2163
186,48.8151,132.575
436,20.9966,70.0677
410,18.173,33.486
455,17.9156,27.2117
195,38.6078,51.2229
398,37.8429,89.5792
140,41.5317,56.42
480,25.6758,49.6922
378,44.7486,53.108
269,50.9915,93.0247
105,56.8587,65.1573
219,303.659,768.21
123,175.938,759.804
166,44.2545,57.0706
493,23.2963,39.1609
105,56.8587,65.1573
219,303.659,768.21
378,44.7486,53.108
140,41.5317,56.42
493,23.2963,39.1609
166,44.2545,57.0706
123,175.938,759.804
436,20.9966,70.0677
186,48.8151,132.575
473,19.759,25.1356
398,37.8429,89.5792
455,17.9156,27.2117
410,18.173,33.486
118,29.135,44.7618
204,46.9741,59.0217
320,26.8545,38.4396
3,92.1608,107.61
241,47.8042,112.282
365,33.9162,49.2493
96,79.9133,153.9
267,30.1428,46.1689
376,20.9368,42.4496
343,52.2029,92.2723
222,32.4642,53.7865
333,25.1676,44.9421
306,38.4174,60.3631
15,46.434,47.2364
287,45.2387,88.6847
50,35.0739,52.2287
448,29.2668,55.9809
76,32.1246,39.4187
385,20.6862,37.9154
33,24.4276,24.4456
142,43.549,132.999
482,32.1937,63.2745
89,34.3371,43.6514
107,42.2504,61.9626
121,23.0231,26.1288
319,27.6472,39.7273
164,86.3844,130.146
278,25.6744,38.8335
491,15.9109,22.0898
471,30.7915,58.4285
184,56.0867,157.319
298,22.0797,35.7693
434,681.545,766.292
412,15.5155,19.8983
457,25.4247,48.5883
197,31.4303,42.8758
69,46.2232,102.162
94,40.6596,48.1368
367,19.4614,35.1597
352,36.4705,44.0248
243,23.3791,38.5645
322,24.9893,47.5136
317,33.7575,42.3531
206,42.0829,63.519
304,4630.79,4777.72
220,22.4891,31.6197
341,26.1449,35.879
179,25.3009,31.4496
87,1569.54,1588.04
265,52.0714,78.9102
52,61.457,86.2421
199,26.2627,36.7769
285,51.5997,161.994
17,27.1014,30.5939
429,39.2933,67.3823
31,122.464,291.809
387,24.6572,71.1054
296,32.947,66.6997
74,34.71,56.1311
127,54.3043,59.6718
112,52.7388,75.1116
162,198.659,220.159
497,57.3657,140.234
157,37.0853,105.279
258,23.4262,44.9572
144,23.1475,32.4111
101,25.9367,34.0536
339,19.8221,30.4134
414,37.9426,51.5502
451,51.9671,123.417
477,644.468,874.459
182,34.272,51.1397
49,115.504,323.996
442,223.229,338.782
432,28.9145,35.724
407,14.4339,20.629
213,30.3985,37.9891
302,18.9828,29.6639
226,48.027,59.8309
256,45.501,73.9682
347,22.2373,83.2441
263,25.515,43.6274
92,44.1181,57.4358
361,145.223,307.961
245,164.543,252.018
159,86.6946,127.497
7,102.189,108.338
324,80.3545,95.6654
200,25.698,31.4512
37,69.0661,99.7074
409,22.7484,28.991
381,26.1815,56.1207
72,51.0689,63.4334
47,165.042,168.08
54,59.8858,88.6581
283,231.998,332.151
392,141.41,254.96
11,52.8348,54.563
358,25.2858,34.4564
495,36.9859,47.0541
160,37.3938,61.2614
239,18.4288,27.9697
125,34.6491,52.644
136,26.0731,36.184
103,30.3613,40.844
173,23.3102,34.8995
146,38.4314,49.1599
466,24.4415,42.975
453,109.578,176.405
423,19.724,40.9514
28,87.1785,145.235
416,13.9162,18.8468
430,61.3828,94.6315
180,26.9948,35.5278
475,113.451,170.383
261,37.6893,65.0778
488,14.3407,18.5711
345,25.3768,49.6413
224,17.4978,22.0842
138,36.1439,55.8195
300,49.4337,98.8584
202,28.265,51.0067
326,66.6278,91.3634
237,35.994,56.5152
5,160.604,160.604
247,20.5184,31.8658
363,21.2941,30.6534
272,25.1236,34.0033
90,44.5853,63.6856
70,213.88,525.529
383,28.6179,66.5784
35,68.0403,94.7928
26,58.9035,67.5881
13,140.374,147.904
468,29.0382,58.7564
63,45.2095,94.187
281,40.4241,65.2217
56,67.525,105.57
13,140.374,147.904
26,58.9035,67.5881
56,67.525,105.57
63,45.2095,94.187
281,40.4241,65.2217
468,29.0382,58.7564
383,28.6179,66.5784
70,213.88,525.529
35,68.0403,94.7928
5,160.604,160.604
237,35.994,56.5152
326,66.6278,91.3634
202,28.265,51.0067
272,25.1236,34.0033
90,44.5853,63.6856
363,21.2941,30.6534
247,20.5184,31.8658
345,25.3768,49.6413
488,14.3407,18.5711
261,37.6893,65.0778
300,49.4337,98.8584
138,36.1439,55.8195
224,17.4978,22.0842
430,61.3828,94.6315
475,113.451,170.383
180,26.9948,35.5278
453,109.578,176.405
466,24.4415,42.975
416,13.9162,18.8468
28,87.1785,145.235
423,19.724,40.9514
103,30.3613,40.844
136,26.0731,36.184
146,38.4314,49.1599
173,23.3102,34.8995
160,37.3938,61.2614
495,36.9859,47.0541
358,25.2858,34.4564
125,34.6491,52.644
239,18.4288,27.9697
392,141.41,254.96
283,231.998,332.151
54,59.8858,88.6581
11,52.8348,54.563
409,22.7484,28.991
37,69.0661,99.7074
47,165.042,168.08
72,51.0689,63.4334
381,26.1815,56.1207
159,86.6946,127.497
245,164.543,252.018
361,145.223,307.961
92,44.1181,57.4358
200,25.698,31.4512
324,80.3545,95.6654
7,102.189,108.338
226,48.027,59.8309
302,18.9828,29.6639
213,30.3985,37.9891
263,25.515,43.6274
347,22.2373,83.2441
256,45.501,73.9682
442,223.229,338.782
49,115.504,323.996
182,34.272,51.1397
477,644.468,874.459
407,14.4339,20.629
432,28.9145,35.724
414,37.9426,51.5502
451,51.9671,123.417
144,23.1475,32.4111
258,23.4262,44.9572
339,19.8221,30.4134
101,25.9367,34.0536
112,52.7388,75.1116
127,54.3043,59.6718
157,37.0853,105.279
497,57.3657,140.234
162,198.659,220.159
31,122.464,291.809
296,32.947,66.6997
74,34.71,56.1311
387,24.6572,71.1054
285,51.5997,161.994
199,26.2627,36.7769
52,61.457,86.2421
429,39.2933,67.3823
17,27.1014,30.5939
220,22.4891,31.6197
304,4630.79,4777.72
87,1569.54,1588.04
265,52.0714,78.9102
179,25.3009,31.4496
341,26.1449,35.879
243,23.3791,38.5645
352,36.4705,44.0248
367,19.4614,35.1597
94,40.6596,48.1368
206,42.0829,63.519
317,33.7575,42.3531
322,24.9893,47.5136
412,15.5155,19.8983
69,46.2232,102.162
197,31.4303,42.8758
457,25.4247,48.5883
298,22.0797,35.7693
184,56.0867,157.319
471,30.7915,58.4285
434,681.545,766.292
319,27.6472,39.7273
121,23.0231,26.1288
491,15.9109,22.0898
278,25.6744,38.8335
164,86.3844,130.146
89,34.3371,43.6514
482,32.1937,63.2745
142,43.549,132.999
107,42.2504,61.9626
385,20.6862,37.9154
76,32.1246,39.4187
448,29.2668,55.9809
33,24.4276,24.4456
15,46.434,47.2364
50,35.0739,52.2287
287,45.2387,88.6847
343,52.2029,92.2723
376,20.9368,42.4496
267,30.1428,46.1689
306,38.4174,60.3631
333,25.1676,44.9421
222,32.4642,53.7865
3,92.1608,107.61
320,26.8545,38.4396
204,46.9741,59.0217
118,29.135,44.7618
96,79.9133,153.9
365,33.9162,49.2493
241,47.8042,112.282
455,17.9156,27.2117
398,37.8429,89.5792
410,18.173,33.486
436,20.9966,70.0677
473,19.759,25.1356
186,48.8151,132.575
166,44.2545,57.0706
493,23.2963,39.1609
123,175.938,759.804
219,303.659,768.21
105,56.8587,65.1573
140,41.5317,56.42
378,44.7486,53.108
446,26.2281,40.1998
186,48.8151,132.575
473,19.759,25.1356
403,22.8667,30.7885
436,20.9966,70.0677
410,18.173,33.486
398,37.8429,89.5792
455,17.9156,27.2117
378,44.7486,53.108
140,41.5317,56.42
105,56.8587,65.1573
219,303.659,768.21
116,27.6351,37.5544
123,175.938,759.804
153,78.1325,88.6634
493,23.2963,39.1609
166,44.2545,57.0706
396,37.8275,57.4739
287,45.2387,88.6847
50,35.0739,52.2287
15,46.434,47.2364
33,24.4276,24.4456
448,29.2668,55.9809
43,48.0031,55.2939
76,32.1246,39.4187
385,20.6862,37.9154
241,47.8042,112.282
365,33.9162,49.2493
96,79.9133,153.9
118,29.135,44.7618
204,46.9741,59.0217
320,26.8545,38.4396
3,92.1608,107.61
222,32.4642,53.7865
306,38.4174,60.3631
217,21.2005,24.6389
267,30.1428,46.1689
343,52.2029,92.2723
252,169.02,174.292
434,681.545,766.292
471,30.7915,58.4285
184,56.0867,157.319
298,22.0797,35.7693
457,25.4247,48.5883
69,46.2232,102.162
462,37.0051,52.0171
412,15.5155,19.8983
427,494.349,502.027
107,42.2504,61.9626
132,29.6864,47.6933
142,43.549,132.999
177,22.6693,29.9444
89,34.3371,43.6514
164,86.3844,130.146
278,25.6744,38.8335
491,15.9109,22.0898
121,23.0231,26.1288
319,27.6472,39.7273
17,27.1014,30.5939
22,63.9739,73.6244
429,39.2933,67.3823
52,61.457,86.2421
199,26.2627,36.7769
67,44.8755,65.1203
285,51.5997,161.994
387,24.6572,71.1054
74,34.71,56.1311
31,122.464,291.809
233,25.9147,52.1565
322,24.9893,47.5136
206,42.0829,63.519
276,44.8307,85.1509
94,40.6596,48.1368
367,19.4614,35.1597
243,23.3791,38.5645
341,26.1449,35.879
179,25.3009,31.4496
265,52.0714,78.9102
304,4630.79,4777.72
220,22.4891,31.6197
451,51.9671,123.417
414,37.9426,51.5502
432,28.9145,35.724
477,644.468,874.459
182,34.272,51.1397
49,115.504,323.996
162,198.659,220.159
497,57.3657,140.234
127,54.3043,59.6718
101,25.9367,34.0536
339,19.8221,30.4134
258,23.4262,44.9572
144,23.1475,32.4111
381,26.1815,56.1207
72,51.0689,63.4334
37,69.0661,99.7074
409,22.7484,28.991
11,52.8348,54.563
54,59.8858,88.6581
283,231.998,332.151
347,22.2373,83.2441
372,19.1168,37.2599
263,25.515,43.6274
302,18.9828,29.6639
337,23.1669,38.8513
226,48.027,59.8309
7,102.189,108.338
324,80.3545,95.6654
200,25.698,31.4512
92,44.1181,57.4358
361,145.223,307.961
245,164.543,252.018
159,86.6946,127.497
28,87.1785,145.235
416,13.9162,18.8468
193,29.7145,74.4407
453,109.578,176.405
180,26.9948,35.5278
475,113.451,170.383
430,61.3828,94.6315
239,18.4288,27.9697
125,34.6491,52.644
358,25.2858,34.4564
495,36.9859,47.0541
160,37.3938,61.2614
486,19.745,32.2326
146,38.4314,49.1599
103,30.3613,40.844
35,68.0403,94.7928
292,30.8518,60.5071
70,213.88,525.529
383,28.6179,66.5784
468,29.0382,58.7564
281,40.4241,65.2217
56,67.525,105.57
13,140.374,147.904
224,17.4978,22.0842
138,36.1439,55.8195
300,49.4337,98.8584
83,34.9428,51.2106
261,37.6893,65.0778
488,14.3407,18.5711
345,25.3768,49.6413
247,20.5184,31.8658
356,19.3921,29.0114
363,21.2941,30.6534
90,44.5853,63.6856
202,28.265,51.0067
313,85.3811,276.979
326,66.6278,91.3634
5,160.604,160.604
90,44.5853,63.6856
363,21.2941,30.6534
356,19.3921,29.0114
247,20.5184,31.8658
5,160.604,160.604
326,66.6278,91.3634
313,85.3811,276.979
202,28.265,51.0067
300,49.4337,98.8584
138,36.1439,55.8195
224,17.4978,22.0842
345,25.3768,49.6413
488,14.3407,18.5711
83,34.9428,51.2106
261,37.6893,65.0778
56,67.525,105.57
281,40.4241,65.2217
468,29.0382,58.7564
13,140.374,147.904
35,68.0403,94.7928
383,28.6179,66.5784
292,30.8518,60.5071
70,213.88,525.529
146,38.4314,49.1599
486,19.745,32.2326
103,30.3613,40.844
125,34.6491,52.644
239,18.4288,27.9697
160,37.3938,61.2614
495,36.9859,47.0541
358,25.2858,34.4564
475,113.451,170.383
180,26.9948,35.5278
430,61.3828,94.6315
416,13.9162,18.8468
28,87.1785,145.235
453,109.578,176.405
193,29.7145,74.4407
200,25.698,31.4512
324,80.3545,95.6654
7,102.189,108.338
159,86.6946,127.497
245,164.543,252.018
361,145.223,307.961
92,44.1181,57.4358
263,25.515,43.6274
372,19.1168,37.2599
347,22.2373,83.2441
226,48.027,59.8309
337,23.1669,38.8513
302,18.9828,29.6639
11,52.8348,54.563
283,231.998,332.151
54,59.8858,88.6581
72,51.0689,63.4334
381,26.1815,56.1207
409,22.7484,28.991
37,69.0661,99.7074
339,19.8221,30.4134
101,25.9367,34.0536
144,23.1475,32.4111
258,23.4262,44.9572
497,57.3657,140.234
162,198.659,220.159
127,54.3043,59.6718
432,28.9145,35.724
49,115.504,323.996
182,34.272,51.1397
477,644.468,874.459
451,51.9671,123.417
414,37.9426,51.5502
265,52.0714,78.9102
179,25.3009,31.4496
341,26.1449,35.879
220,22.4891,31.6197
304,4630.79,4777.72
206,42.0829,63.519
322,24.9893,47.5136
233,25.9147,52.1565
243,23.3791,38.5645
367,19.4614,35.1597
276,44.8307,85.1509
94,40.6596,48.1368
74,34.71,56.1311
387,24.6572,71.1054
31,122.464,291.809
429,39.2933,67.3823
22,63.9739,73.6244
17,27.1014,30.5939
67,44.8755,65.1203
285,51.5997,161.994
199,26.2627,36.7769
52,61.457,86.2421
491,15.9109,22.0898
278,25.6744,38.8335
164,86.3844,130.146
319,27.6472,39.7273
121,23.0231,26.1288
132,29.6864,47.6933
107,42.2504,61.9626
89,34.3371,43.6514
177,22.6693,29.9444
142,43.549,132.999
462,37.0051,52.0171
69,46.2232,102.162
457,25.4247,48.5883
427,494.349,502.027
412,15.5155,19.8983
434,681.545,766.292
298,22.0797,35.7693
184,56.0867,157.319
471,30.7915,58.4285
217,21.2005,24.6389
306,38.4174,60.3631
222,32.4642,53.7865
252,169.02,174.292
343,52.2029,92.2723
267,30.1428,46.1689
96,79.9133,153.9
365,33.9162,49.2493
241,47.8042,112.282
3,92.1608,107.61
320,26.8545,38.4396
204,46.9741,59.0217
118,29.135,44.7618
33,24.4276,24.4456
385,20.6862,37.9154
76,32.1246,39.4187
43,48.0031,55.2939
448,29.2668,55.9809
50,35.0739,52.2287
287,45.2387,88.6847
396,37.8275,57.4739
15,46.434,47.2364
123,175.938,759.804
116,27.6351,37.5544
166,44.2545,57.0706
493,23.2963,39.1609
153,78.1325,88.6634
140,41.5317,56.42
378,44.7486,53.108
219,303.659,768.21
105,56.8587,65.1573
410,18.173,33.486
455,17.9156,27.2117
398,37.8429,89.5792
473,19.759,25.1356
186,48.8151,132.575
446,26.2281,40.1998
436,20.9966,70.0677
403,22.8667,30.7885
398,37.8429,89.5792
460,22.7116,42.9153
289,50.0995,72.9648
455,17.9156,27.2117
425,16.7387,28.6763
410,18.173,33.486
436,20.9966,70.0677
186,48.8151,132.575
473,19.759,25.1356
493,23.2963,39.1609
166,44.2545,57.0706
98,117.246,210.341
123,175.938,759.804
130,35.7699,49.0814
308,28.2493,47.3715
219,303.659,768.21
105,56.8587,65.1573
175,22.7109,28.5416
378,44.7486,53.108
140,41.5317,56.42
448,29.2668,55.9809
188,37.4006,50.6491
76,32.1246,39.4187
385,20.6862,37.9154
33,24.4276,24.4456
20,29.1554,29.4734
15,46.434,47.2364
65,45.9684,63.8711
287,45.2387,88.6847
50,35.0739,52.2287
267,30.1428,46.1689
343,52.2029,92.2723
222,32.4642,53.7865
306,38.4174,60.3631
204,46.9741,59.0217
118,29.135,44.7618
320,26.8545,38.4396
3,92.1608,107.61
231,31.155,43.8232
241,47.8042,112.282
365,33.9162,49.2493
274,32.4615,53.6169
96,79.9133,153.9
412,15.5155,19.8983
457,25.4247,48.5883
69,46.2232,102.162
471,30.7915,58.4285
298,22.0797,35.7693
184,56.0867,157.319
444,16.6194,25.3704
434,681.545,766.292
401,30.4823,58.146
121,23.0231,26.1288
319,27.6472,39.7273
114,42.7841,71.5511
278,25.6744,38.8335
164,86.3844,130.146
491,15.9109,22.0898
369,41.8503,159.189
151,91.0755,104.749
142,43.549,132.999
89,34.3371,43.6514
107,42.2504,61.9626
31,122.464,291.809
387,24.6572,71.1054
74,34.71,56.1311
41,363.017,914.719
52,61.457,86.2421
285,51.5997,161.994
199,26.2627,36.7769
394,25.6956,40.8605
17,27.1014,30.5939
429,39.2933,67.3823
215,39.6254,78.8822
304,4630.79,4777.72
220,22.4891,31.6197
250,30.1895,36.6633
341,26.1449,35.879
265,52.0714,78.9102
179,25.3009,31.4496
94,40.6596,48.1368
367,19.4614,35.1597
243,23.3791,38.5645
322,24.9893,47.5136
206,42.0829,63.519
477,644.468,874.459
182,34.272,51.1397
49,115.504,323.996
432,28.9145,35.724
39,57.0452,67.8087
414,37.9426,51.5502
451,51.9671,123.417
191,22.3982,28.5807
144,23.1475,32.4111
258,23.4262,44.9572
484,51.6782,79.7621
101,25.9367,34.0536
339,19.8221,30.4134
228,100.119,306.082
127,54.3043,59.6718
9,129.66,194.55
162,198.659,220.159
497,57.3657,140.234
54,59.8858,88.6581
283,231.998,332.151
11,52.8348,54.563
37,69.0661,99.7074
409,22.7484,28.991
381,26.1815,56.1207
479,20.2407,26.7378
290,52.8812,67.277
72,51.0689,63.4334
92,44.1181,57.4358
361,145.223,307.961
354,26.0009,41.2047
159,86.6946,127.497
245,164.543,252.018
129,189.93,199.768
7,102.189,108.338
324,80.3545,95.6654
311,21.4819,33.9318
200,25.698,31.4512
302,18.9828,29.6639
226,48.027,59.8309
347,22.2373,83.2441
81,34.9334,79.2843
263,25.515,43.6274
430,61.3828,94.6315
180,26.9948,35.5278
475,113.451,170.383
58,61.0133,79.6297
453,109.578,176.405
28,87.1785,145.235
416,13.9162,18.8468
103,30.3613,40.844
146,38.4314,49.1599
249,37.446,73.6329
358,25.2858,34.4564
495,36.9859,47.0541
160,37.3938,61.2614
125,34.6491,52.644
239,18.4288,27.9697
13,140.374,147.904
418,81.4711,165.463
468,29.0382,58.7564
281,40.4241,65.2217
56,67.525,105.57
70,213.88,525.529
383,28.6179,66.5784
35,68.0403,94.7928
202,28.265,51.0067
326,66.6278,91.3634
5,160.604,160.604
247,20.5184,31.8658
363,21.2941,30.6534
90,44.5853,63.6856
261,37.6893,65.0778
488,14.3407,18.5711
370,21.7427,33.8267
345,25.3768,49.6413
148,59.1363,84.302
138,36.1439,55.8195
224,17.4978,22.0842
335,27.7146,42.6088
300,49.4337,98.8584
148,59.1363,84.302
345,25.3768,49.6413
370,21.7427,33.8267
488,14.3407,18.5711
261,37.6893,65.0778
300,49.4337,98.8584
335,27.7146,42.6088
224,17.4978,22.0842
138,36.1439,55.8195
5,160.604,160.604
326,66.6278,91.3634
202,28.265,51.0067
90,44.5853,63.6856
363,21.2941,30.6534
247,20.5184,31.8658
383,28.6179,66.5784
70,213.88,525.529
35,68.0403,94.7928
418,81.4711,165.463
13,140.374,147.904
56,67.525,105.57
281,40.4241,65.2217
468,29.0382,58.7564
160,37.3938,61.2614
495,36.9859,47.0541
358,25.2858,34.4564
249,37.446,73.6329
239,18.4288,27.9697
125,34.6491,52.644
103,30.3613,40.844
146,38.4314,49.1599
453,109.578,176.405
58,61.0133,79.6297
416,13.9162,18.8468
28,87.1785,145.235
430,61.3828,94.6315
475,113.451,170.383
180,26.9948,35.5278
226,48.027,59.8309
302,18.9828,29.6639
81,34.9334,79.2843
263,25.515,43.6274
347,22.2373,83.2441
245,164.543,252.018
159,86.6946,127.497
354,26.0009,41.2047
361,145.223,307.961
92,44.1181,57.4358
200,25.698,31.4512
311,21.4819,33.9318
324,80.3545,95.6654
129,189.93,199.768
7,102.189,108.338
409,22.7484,28.991
37,69.0661,99.7074
290,52.8812,67.277
72,51.0689,63.4334
479,20.2407,26.7378
381,26.1815,56.1207
283,231.998,332.151
54,59.8858,88.6581
11,52.8348,54.563
127,54.3043,59.6718
9,129.66,194.55
497,57.3657,140.234
162,198.659,220.159
484,51.6782,79.7621
258,23.4262,44.9572
144,23.1475,32.4111
228,100.119,306.082
339,19.8221,30.4134
101,25.9367,34.0536
414,37.9426,51.5502
191,22.3982,28.5807
451,51.9671,123.417
49,115.504,323.996
182,34.272,51.1397
477,644.468,874.459
39,57.0452,67.8087
432,28.9145,35.724
243,23.3791,38.5645
367,19.4614,35.1597
94,40.6596,48.1368
206,42.0829,63.519
322,24.9893,47.5136
220,22.4891,31.6197
304,4630.79,4777.72
215,39.6254,78.8822
179,25.3009,31.4496
265,52.0714,78.9102
341,26.1449,35.879
250,30.1895,36.6633
394,25.6956,40.8605
199,26.2627,36.7769
285,51.5997,161.994
52,61.457,86.2421
429,39.2933,67.3823
17,27.1014,30.5939
31,122.464,291.809
41,363.017,914.719
74,34.71,56.1311
387,24.6572,71.1054
89,34.3371,43.6514
142,43.549,132.999
107,42.2504,61.9626
114,42.7841,71.5511
319,27.6472,39.7273
121,23.0231,26.1288
151,91.0755,104.749
369,41.8503,159.189
491,15.9109,22.0898
164,86.3844,130.146
278,25.6744,38.8335
444,16.6194,25.3704
184,56.0867,157.319
298,22.0797,35.7693
471,30.7915,58.4285
401,30.4823,58.146
434,681.545,766.292
412,15.5155,19.8983
69,46.2232,102.162
457,25.4247,48.5883
231,31.155,43.8232
3,92.1608,107.61
320,26.8545,38.4396
118,29.135,44.7618
204,46.9741,59.0217
274,32.4615,53.6169
96,79.9133,153.9
365,33.9162,49.2493
241,47.8042,112.282
343,52.2029,92.2723
267,30.1428,46.1689
306,38.4174,60.3631
222,32.4642,53.7865
15,46.434,47.2364
20,29.1554,29.4734
50,35.0739,52.2287
65,45.9684,63.8711
287,45.2387,88.6847
385,20.6862,37.9154
76,32.1246,39.4187
188,37.4006,50.6491
448,29.2668,55.9809
33,24.4276,24.4456
105,56.8587,65.1573
219,303.659,768.21
308,28.2493,47.3715
130,35.7699,49.0814
140,41.5317,56.42
378,44.7486,53.108
175,22.7109,28.5416
98,117.246,210.341
166,44.2545,57.0706
493,23.2963,39.1609
123,175.938,759.804
436,20.9966,70.0677
473,19.759,25.1356
186,48.8151,132.575
455,17.9156,27.2117
289,50.0995,72.9648
460,22.7116,42.9153
398,37.8429,89.5792
410,18.173,33.486
425,16.7387,28.6763
